goal_location,ps_location_0,ps_location_1,ps_location_10,ps_location_11,ps_location_12,ps_location_13,ps_location_14,ps_location_15,ps_location_16,ps_location_17,ps_location_18,ps_location_19,ps_location_2,ps_location_3,ps_location_4,ps_location_5,ps_location_6,ps_location_7,ps_location_8,ps_location_9,real_location
"(-7.25, -5.3)","[(0.35944479247603445, -4.301582930279011)]","[(-0.66986552102006, -3.6539016860859084)]","[(0.3162316390406892, -4.0929229322985)]","[(-0.3952935654956852, -4.085761348807389)]","[(-0.7910345235159189, -4.581141269096972)]","[(0.42231572605362966, -3.98297134615484)]","[(0.34001307331888786, -4.473291426677578)]","[(-0.8117058903940998, -4.464014099285073)]","[(0.11630688770947867, -4.817598557108309)]","[(-0.8003855872286858, -3.5783893497399557)]","[(-0.036725545772943013, -3.6489810417621134)]","[(0.45595983397126216, -3.38421307825366)]","[(-0.06312199922474315, -4.518181933361442)]","[(-0.6064472425639214, -4.603346756574041)]","[(0.13376461174177068, -4.08921686652276)]","[(-0.8786560763098633, -3.8986409598056095)]","[(-0.3660921854857331, -3.476113229221578)]","[(0.13733256820433526, -3.598062092016618)]","[(0.072285167962577, -4.020520409128568)]","[(-0.7575655331496858, -3.3592920405660354)]","(-1.9000000000000004, -4.8)"
"(-5.199999999999999, -4.6)","[(-6.529530348320353, -0.8555075368815555)]","[(-7.701794529478513, -0.6403943331877974)]","[(-7.990280606767181, -0.8329093432105402)]","[(-8.073164187567322, -1.8490027784295227)]","[(-7.773573020457072, -0.44205781008416234)]","[(-7.198813105029383, -0.8168221542941226)]","[(-7.483486193355637, -1.6168944555011135)]","[(-7.3171645523819695, -0.948787290605067)]","[(-7.011380513485024, -1.607121881573374)]","[(-8.274426734977427, -0.2276295288695197)]","[(-7.4892969654577275, 0.06640680281670741)]","[(-7.8608689293316125, -1.1375592890337265)]","[(-7.263816715101299, -0.37152934449581465)]","[(-7.98287277713796, -1.3429230993916235)]","[(-7.695977461095626, -1.177837567646458)]","[(-7.641420430598569, -0.9066599018078053)]","[(-7.077264353375643, -1.166445513215765)]","[(-6.829348439038464, -1.011701836723732)]","[(-7.480045324936247, -0.6314220772804212)]","[(-5.927493515586501, -0.955935733313302)]","(-5.85, 0.05000000000000071)"
"(-7.1, 1.200000000000001)","[(0.75459983907573, -2.2287221722793227)]","[(0.5868964848288954, -3.2977811764302576)]","[(1.2479981635121393, -1.9300177753499215)]","[(1.0985968653681832, -1.9352218569851638)]","[(1.072100905370071, -2.7936800792117915)]","[(0.8900227290043011, -2.8309651295729115)]","[(0.7484231114726883, -1.8852688418161323)]","[(0.7505053428398898, -2.7215819782346937)]","[(0.9151490759832132, -2.7611304237781877)]","[(0.9145960630209008, -2.645051872304929)]","[(0.5341637898660774, -2.2243537363492005)]","[(0.6447766243091526, -1.9244070470025414)]","[(0.9115131062080303, -2.559097754992067)]","[(0.9822823293924061, -3.774370393645192)]","[(1.2716330437478431, -2.2007480900995766)]","[(1.5455497266788523, -2.017172882577718)]","[(0.9388113467334591, -1.6263250855313962)]","[(0.515170812837294, -2.639595409770427)]","[(0.4644425414629205, -2.312589888495426)]","[(0.7142783343718735, -2.469893931292642)]","(-0.4499999999999993, -2.8999999999999995)"
"(5.75, -1.549999999999999)","[(-6.671807947744077, 0.031404857496602656)]","[(-5.700580900763552, -0.30409624175455746)]","[(-6.012469377224132, 0.17601331731015268)]","[(-5.447302751495631, 1.3107417249054094)]","[(-5.318267316953544, -0.8310841508065726)]","[(-6.021412637148236, -0.18424442095041338)]","[(-6.285902379639696, -0.12168059283296916)]","[(-5.532263148122812, -0.3692892630175693)]","[(-5.658580039949568, -0.11178572746308703)]","[(-5.8794822486737885, 1.0746995570476094)]","[(-5.655234473410011, -0.0011038571724599489)]","[(-5.82649461764669, -0.444881322815862)]","[(-5.577664402006333, 0.1413934883012778)]","[(-6.126138583601349, -0.3436107017324235)]","[(-6.4769706097304045, -1.2795647428008314)]","[(-7.327262500008425, 0.44385407460563486)]","[(-6.4291622098580765, -0.7195710305883335)]","[(-5.526239791114379, 0.08134807612575329)]","[(-5.410334026382557, 0.1645839159575201)]","[(-5.895399832132529, -0.4508457094173501)]","(-5.6499999999999995, 1.3500000000000014)"
"(5.5, -1.0999999999999996)","[(-6.188970004090814, 3.775896675091645)]","[(-6.076757541611817, 5.054450898234836)]","[(-5.678326854007674, 4.47568060412249)]","[(-5.697243210270599, 4.040688376968788)]","[(-5.617771344517541, 4.525386649928826)]","[(-5.852136238957911, 4.516974929188627)]","[(-5.901421489280425, 4.582864081759983)]","[(-5.905903150753337, 4.627021295746703)]","[(-5.951187743558322, 3.5055016757492887)]","[(-6.169989250202186, 4.626942920511124)]","[(-6.108772127402568, 4.127915798887404)]","[(-6.127596616439386, 4.558783905062463)]","[(-5.858027623763473, 5.112262602282768)]","[(-6.397289612157206, 4.958286232545644)]","[(-6.3928737758627, 3.81748370211126)]","[(-7.221103483367427, 5.15173276196348)]","[(-6.1223967360651494, 4.454928581932799)]","[(-6.039267990063114, 5.0221184913893895)]","[(-5.725584717307411, 3.4360209590853557)]","[(-6.211214620644536, 4.795440201953451)]","(-6.1, 2.75)"
"(-5.8999999999999995, 2.75)","[(-5.160344946216563, -2.939148639426119)]","[(-4.682387585447921, -2.6077345117840833)]","[(-5.1625263427138846, -3.7007441823521807)]","[(-5.427420334606878, -2.7691375992881264)]","[(-5.100725187385277, -3.175684463347265)]","[(-4.8983277667759415, -3.517298082813481)]","[(-4.989689585564277, -3.3675251729721287)]","[(-5.075886511810631, -4.342174007550014)]","[(-5.135487777982801, -3.9374301588544274)]","[(-5.205139601347896, -3.2389077229164998)]","[(-5.441121992698685, -3.4491666746473886)]","[(-5.116904387708958, -2.655494768043647)]","[(-4.941413004504923, -3.1832405907071317)]","[(-5.438021506445746, -4.061203075845868)]","[(-6.010539396082088, -3.301699847418206)]","[(-5.020931390920344, -3.2650744507087204)]","[(-6.501862772981788, -2.988744436005429)]","[(-4.960433929567576, -3.7746577685931446)]","[(-4.8254116268259395, -3.732589998256883)]","[(-4.679458211380067, -4.366519001650474)]","(-5.05, -4.3999999999999995)"
"(-1.8499999999999996, -5.6)","[(-4.395257682331522, -5.778179535690914)]","[(-3.796686578203073, -5.375746902581412)]","[(-4.2954614628096, -4.866551581639262)]","[(-4.298719295987089, -6.013087691115881)]","[(-4.5137703044488875, -5.21092619562902)]","[(-5.454204060159315, -5.497173151828846)]","[(-4.719185240558014, -5.563044116112401)]","[(-4.629012842484615, -4.878580432413574)]","[(-4.52490662045729, -5.538779777620822)]","[(-4.831932804824023, -5.855629791899599)]","[(-4.833144886095901, -4.994074218105402)]","[(-5.0134790297232135, -5.124785638254995)]","[(-5.28462808206139, -4.995097979486833)]","[(-5.090688985491679, -6.321838263014053)]","[(-4.169060561485458, -5.595521118743946)]","[(-4.951754519778527, -5.063453703380579)]","[(-4.3395674105846735, -5.044508964228678)]","[(-4.7757121728700636, -6.212282312316553)]","[(-4.60958541243718, -5.509037138747697)]","[(-4.576230142533358, -5.609328512166128)]","(-3.0999999999999996, -5.0)"
"(1.6000000000000014, -4.3)","[(3.998802737718126, -3.5617413022833015)]","[(3.1023120529700714, -4.294225396531791)]","[(3.9244521664262413, -3.299126746025008)]","[(3.7923887237327714, -4.497893144875699)]","[(2.891387828834479, -3.823829711025404)]","[(2.6124103526217968, -3.9672407277230066)]","[(3.0019796120819997, -3.939332535779035)]","[(2.360550055670384, -4.5852439671948275)]","[(3.9738582436135834, -3.832903290129871)]","[(2.941585230270304, -3.950456724695969)]","[(2.7473455453401616, -3.9392293122266158)]","[(3.5120843639107684, -4.354317001244205)]","[(3.047475354043469, -3.8367974059738494)]","[(2.756293825275675, -3.412420969669215)]","[(2.476400130831887, -4.346396429231433)]","[(2.9018156896708405, -3.652834530088269)]","[(2.1978879060884857, -4.402851398694839)]","[(3.0449403059313633, -3.671030811360051)]","[(2.908734120747431, -4.6845734110522805)]","[(2.915703861572011, -4.395360743502151)]","(4.300000000000001, -3.8499999999999996)"
"(-1.0999999999999996, -1.5999999999999996)","[(4.963506231403127, -2.0853991616041734)]","[(4.396795482478358, -3.466187762341388)]","[(3.5591549835093748, -3.1774858761298406)]","[(4.747547522357797, -2.723909892067989)]","[(4.088559154906971, -1.9136055215735204)]","[(5.066986320421484, -2.633327342810139)]","[(4.237215746204847, -2.47554270100538)]","[(4.705290045750768, -1.7991598502290334)]","[(4.220274786628288, -2.3310808058847425)]","[(4.120432615116215, -3.1018071730158923)]","[(4.880482411264531, -2.392970236642719)]","[(4.107267476883561, -2.473913359086097)]","[(4.215852159912853, -2.675663211507736)]","[(4.322561859729915, -3.187745998613191)]","[(5.260335029239315, -3.0970874897275165)]","[(4.925135673928529, -2.1693605904499047)]","[(4.751536403815301, -2.548204652956287)]","[(3.463481347681087, -2.461520988955662)]","[(3.940165352446894, -2.336427694568178)]","[(4.632816134379958, -1.6113246201450064)]","(2.5500000000000007, -2.1999999999999993)"
"(-1.299999999999999, -2.75)","[(-1.0241683822148109, -4.858915468074097)]","[(-0.2578533746349864, -4.818098805730097)]","[(0.22890841484976931, -4.627925831762956)]","[(-0.3234381344167355, -5.130574985757636)]","[(-0.7621903234749415, -5.336747981859535)]","[(0.04903094652626483, -3.0270565924129693)]","[(0.14442023930436182, -3.906182470810312)]","[(-0.11773578786452041, -3.5021791228591743)]","[(0.21854581624816816, -4.184545206562443)]","[(-0.22381445531690988, -4.768661018641843)]","[(-0.647934780282435, -4.916313882451235)]","[(0.3268867552420608, -4.576720842091793)]","[(-0.5261477568108996, -5.317570532867007)]","[(0.21773390319249153, -4.3441252815690135)]","[(0.11142182589928179, -3.76041506224108)]","[(-0.880037278380034, -5.225450405546505)]","[(-1.4368601292172172, -4.242434849426051)]","[(0.29916920794545965, -4.513090369493763)]","[(0.03586902776250794, -4.224778255814126)]","[(-0.03365783693862867, -5.012514755573625)]","(-0.5, -3.3499999999999996)"
"(1.9000000000000004, -3.1999999999999993)","[(-8.305528375262472, 0.0012480013261473855)]","[(-8.227259569836624, 0.026454701172287848)]","[(-7.833114426145667, -0.2903718589633456)]","[(-7.73478362913427, -0.13255297982517714)]","[(-7.660061233533524, -0.2212969442048917)]","[(-7.820104825667031, 0.27773932260658696)]","[(-6.749350440413067, -0.03572447554384765)]","[(-6.778673971545677, 0.4840427691259014)]","[(-7.932540549425626, -0.33093377143845826)]","[(-8.703776179689108, 0.2287912752004014)]","[(-7.6573664858173975, -0.09111506759309948)]","[(-6.624317456254705, 0.31396435472834383)]","[(-7.665527133856456, -0.34264400868733)]","[(-8.537362566149628, -0.7841283140078097)]","[(-7.5839208945436045, 0.18611191605431962)]","[(-6.778673971545677, 0.4840427691259014)]","[(-7.8255614821730894, 0.7730416983096946)]","[(-7.714974956829929, 0.7129745235526177)]","[(-7.075950235142743, 0.715122407547213)]","[(-7.5839208945436045, 0.18611191605431962)]","(-6.449999999999999, 0.15000000000000036)"
"(-3.9499999999999993, -3.3499999999999996)","[(6.794430095227959, -0.3900782717601252)]","[(6.944984508035059, -0.0821420689428608)]","[(8.255976401101721, -0.6458694871461444)]","[(8.592640933638284, 0.0199444862224058)]","[(7.446153538435747, -0.022885352627762423)]","[(8.290617180777971, -0.3562833508814392)]","[(7.122070594534553, -0.05278524474844937)]","[(6.9939936533592215, -0.48720508503336196)]","[(6.850269798098074, -1.0985010027213622)]","[(6.874153293706388, -0.10169807418104027)]","[(7.513079924517726, -0.8624474649958653)]","[(7.795457280135154, 0.20265046251280588)]","[(7.318664624770436, -0.13490707947358463)]","[(6.841896366545651, -0.3806382636781579)]","[(7.0781801861357065, -0.903196831203648)]","[(7.602331570690508, 0.09908941008435007)]","[(7.896588195679369, -1.3197118476520144)]","[(7.588243667533842, 0.07596439325039722)]","[(7.901001379699679, -0.3148201021912485)]","[(8.34705893126277, -0.7808744873576994)]","(6.400000000000002, -1.299999999999999)"
"(4.100000000000001, -2.55)","[(5.9335989562859455, -3.1626447333881043)]","[(4.4553079767956065, -3.8124783906163415)]","[(5.244085611757792, -3.9434857411494484)]","[(5.704879833121135, -3.0563081530026506)]","[(4.300003921984353, -3.56750324618925)]","[(5.644450568906186, -2.9060496303354997)]","[(6.520276904166359, -3.162793981558703)]","[(5.68037153244753, -3.043905685789122)]","[(4.76437664241179, -3.9233202976692994)]","[(5.239590753594055, -2.836929521311142)]","[(5.123842779485104, -3.3040938628361505)]","[(5.951948243055154, -2.9978679224296783)]","[(5.484856112135174, -4.180843783572453)]","[(4.673349360917285, -4.270685069303514)]","[(5.464537992477033, -3.118563420225729)]","[(4.964773242373615, -2.396830075992585)]","[(5.4622099681965555, -3.680965571944899)]","[(4.99532769523669, -2.7838064959044155)]","[(5.417861088867493, -2.663986033484904)]","[(5.016557032450193, -3.2287776887587984)]","(3.3000000000000007, -3.1499999999999995)"
"(7.300000000000001, -4.0)","[(1.3523203274014006, -5.717957004889427)]","[(1.7466890374732373, -5.9184158383935355)]","[(1.3307726078562125, -5.438816763162917)]","[(1.488591399986614, -5.550018751079589)]","[(1.8506713033923279, -5.714679324444012)]","[(1.347860154061326, -5.077152278373827)]","[(1.4754220275178822, -5.461718691855345)]","[(1.5643654323593366, -6.054674183022014)]","[(1.4782306538998709, -5.40614258411007)]","[(1.6297882874312788, -6.321944354130657)]","[(1.0683584097637076, -5.7901683949214995)]","[(1.5462976449823131, -4.88122466504007)]","[(0.6468086728226572, -5.694088396835806)]","[(1.1200675563923226, -5.213339558191797)]","[(0.944645941352002, -5.026468093381675)]","[(1.195032998841519, -5.9591568228739655)]","[(0.7930274909528496, -5.3752031867100705)]","[(1.499154019766892, -6.178262513331836)]","[(0.955156313853568, -5.8774641622261)]","[(0.9232614384669311, -5.436093101704666)]","(0.40000000000000036, -4.5)"
"(-5.3999999999999995, -5.75)","[(8.158110234219908, -2.5585509828740776)]","[(8.16734279425209, -2.847792539071373)]","[(7.778519449578035, -2.925902152100316)]","[(7.234868342625754, -2.1708707203790456)]","[(8.115359146676028, -3.386070413798021)]","[(7.310565883769986, -2.7872501708844526)]","[(7.133396564806388, -2.6932661274190406)]","[(6.974513291919186, -2.7815483808777124)]","[(7.912702600353395, -3.4078254964549197)]","[(8.603072410755313, -3.221406457495525)]","[(7.539543017378536, -3.2954074713559343)]","[(8.249205016378673, -2.2307399331579707)]","[(8.1214200003106, -2.806538048444506)]","[(7.8969827084945745, -2.562345883453518)]","[(8.159735084537882, -2.871302575505345)]","[(7.409297495463233, -2.9128916570045407)]","[(7.789850795694446, -2.846011269071979)]","[(8.34496817003217, -3.4239706403141015)]","[(7.967704450838956, -2.477016300054192)]","[(7.6831079671182865, -2.85930811164289)]","(6.150000000000002, -2.6499999999999995)"
"(1.1500000000000004, -5.7)","[(2.555010199165955, -5.363717748730158)]","[(3.040286087765367, -5.993570448843098)]","[(2.842671189386582, -6.547633684563236)]","[(2.2288158422254094, -5.65084054087195)]","[(1.9150749572409498, -5.565870326372834)]","[(3.727921889573175, -5.658196958238598)]","[(3.4215799735415824, -5.857737777679884)]","[(2.741404458315728, -6.107254298009711)]","[(3.4236553397085547, -5.313562771796655)]","[(3.707526858005296, -5.641227241116656)]","[(3.2255096383353257, -5.510622295058678)]","[(1.9788934152326285, -6.239466368255929)]","[(2.4869662251517513, -5.785389813485913)]","[(3.1323581360695694, -6.362100423729502)]","[(3.522142426887045, -6.366789387108339)]","[(3.356145537460288, -5.975311771751972)]","[(3.7549895779382547, -5.660271359389519)]","[(2.8161754132542534, -6.753191591395868)]","[(3.3794260106932006, -6.0115145324105805)]","[(2.4413612521540298, -5.845552739898853)]","(3.8500000000000014, -5.6)"
"(5.850000000000001, 0.25)","[(7.490667611515937, -2.5592884229221378)]","[(7.094584816686339, -2.4652981256685105)]","[(7.017810599174879, -2.3062989004086063)]","[(7.246642553429413, -2.1216996054880726)]","[(7.201873103370326, -2.176553565649496)]","[(7.174850881529759, -1.2722441405087823)]","[(6.305542895278782, -2.277354493092172)]","[(7.415887553226918, -2.1214171101167394)]","[(7.003840990791403, -2.0644686916877526)]","[(6.926258179707582, -2.551527819815547)]","[(7.170831028200168, -2.4561980875676186)]","[(7.093696980622591, -2.4100525542045257)]","[(7.316685146056093, -2.0512654582649814)]","[(7.024630929483227, -1.6702633331536012)]","[(7.135368759672966, -2.035470971307306)]","[(7.225421715769439, -1.6942780906513537)]","[(7.098054517270178, -1.894056099705037)]","[(7.077755364339696, -2.495924081599016)]","[(8.006648449535888, -2.5537655945275777)]","[(7.402919404932029, -1.6593025045060932)]","(7.199999999999999, -1.0)"
"(-2.6999999999999993, -1.0)","[(-3.36576703920471, -4.439436774414363)]","[(-3.4838777428860834, -3.5522295977904057)]","[(-3.4066773803013035, -4.609571293701687)]","[(-3.2330924280891846, -4.390007346190798)]","[(-4.206817572301787, -3.706387748115429)]","[(-2.9917882157113485, -3.7003659067940684)]","[(-4.1214687910631085, -3.485193596464777)]","[(-3.1429763057657465, -4.778846387955868)]","[(-2.588916351613474, -3.6963772739839698)]","[(-3.651671482921192, -4.440995974109853)]","[(-2.9445742362818494, -4.864827026456016)]","[(-3.7649025749089033, -3.2124480352000653)]","[(-3.124118559585566, -4.2301687264592935)]","[(-2.7649142051006366, -4.198821840811537)]","[(-3.42039529622552, -4.032321942931802)]","[(-3.243297218430532, -4.527433467345779)]","[(-2.6008015462354024, -4.2459868043914755)]","[(-3.975723308742572, -4.68075103925099)]","[(-3.259526425315819, -3.937206309294033)]","[(-2.786354981490097, -3.756468171182633)]","(-4.1499999999999995, -5.45)"
"(0.75, -3.05)","[(5.6331905021587465, 2.67366231674687)]","[(5.675812922437425, 3.612095394211014)]","[(5.295239051948449, 2.8780928024252077)]","[(6.215739085986542, 2.6735864976026007)]","[(5.547854625527366, 2.236086286355122)]","[(6.097933560814868, 3.6934633005317297)]","[(5.802341363975768, 3.3864801395842163)]","[(4.717046489907885, 3.4779144222733347)]","[(5.026520211769162, 3.0274380687401923)]","[(5.892915992781045, 3.3675014832257473)]","[(4.824451634521096, 3.8440184937299344)]","[(5.389886191048176, 3.054631433012539)]","[(4.717046489907885, 3.4779144222733347)]","[(4.936338872529385, 3.1308558409333567)]","[(4.760304023643506, 3.7477208644130826)]","[(6.368780583554617, 3.001226079412652)]","[(5.535422916883577, 3.1297479885614643)]","[(5.7090792905704, 2.9674530820706275)]","[(5.186438809718359, 3.292292689365108)]","[(4.521943498396914, 2.556029478122872)]","(6.550000000000001, 3.450000000000001)"
"(-5.0, -4.199999999999999)","[(3.804518637701896, -1.863447190398817)]","[(2.372663300721343, -1.9218622511339378)]","[(2.7305895588547857, -2.3803059219407037)]","[(4.537941069338869, -2.306482716160357)]","[(2.6985410354973935, -1.803759343109392)]","[(4.291397236118255, -2.014248002389519)]","[(3.3531310901682883, -2.0535088984947425)]","[(3.5718770190967417, -3.2519536254638814)]","[(3.454106074452889, -2.684039502706588)]","[(3.967345475797413, -2.2156219242991115)]","[(4.565250032019531, -2.609169591341531)]","[(2.8707082182919152, -2.1404850137873437)]","[(4.744193802364852, -3.184989057122816)]","[(3.3871074154945533, -1.7553530376817057)]","[(4.393191332779315, -2.8195155823375164)]","[(2.827963018822143, -2.140547454376572)]","[(3.9700920317334147, -3.105619778345306)]","[(3.1235088767762047, -2.376097497434043)]","[(4.349033530073114, -2.1462978512215516)]","[(3.388986874794548, -2.1852407044298063)]","(4.550000000000001, -2.0)"
"(-2.75, -1.8499999999999996)","[(7.067918811761473, 1.508820602797422)]","[(7.462449640411149, 1.2273270396637672)]","[(7.564325077511196, 0.9138121721856858)]","[(7.337509167178937, 0.680870019862813)]","[(7.536730057130987, 1.0296288542919305)]","[(7.321515448525575, 1.7073946231478097)]","[(7.804274203820042, 1.2004274126981755)]","[(7.392522801218676, 0.6437408464663326)]","[(8.020347160229646, 1.0745923004894444)]","[(7.359774601849792, 0.3251185352934417)]","[(6.892562426520454, 0.6222221307150501)]","[(7.053841313124371, 0.28436265570229113)]","[(7.4998392138490075, 0.2407490893339801)]","[(8.403542824582155, 0.02520704643922167)]","[(8.160094449372949, 1.8737260917353042)]","[(7.02402424624024, 0.4399268199155584)]","[(6.678478422101128, 0.41268939149074735)]","[(7.392488880358229, 0.7450291726119495)]","[(7.003693746795864, 1.0952460372236987)]","[(7.708382235745394, 1.6876335793994859)]","(5.5, 0.7000000000000011)"
"(-2.8, -0.9000000000000004)","[(-6.294533147544294, -5.326895438851648)]","[(-5.277929524532275, -4.106654809117077)]","[(-5.868897213052001, -4.328057002658328)]","[(-6.441531245940382, -4.381569659593362)]","[(-6.210052276126034, -5.027425086697833)]","[(-5.1630400463990656, -5.762202498710784)]","[(-5.720618492054206, -4.639465243849353)]","[(-5.71903445705432, -4.166813489588469)]","[(-5.551647439147085, -4.808288179718285)]","[(-6.320601629607148, -4.8498232703332125)]","[(-6.296921487931262, -4.214617724072258)]","[(-5.096092342407753, -4.657771865194176)]","[(-5.340287548045471, -4.913989411253632)]","[(-4.579778780529976, -5.3061838861499675)]","[(-5.508830622258907, -4.809676846949938)]","[(-6.205632773528204, -4.6739206778530065)]","[(-6.149492276097435, -5.152516873301235)]","[(-6.032102649701485, -4.10371347524298)]","[(-5.952574427738591, -5.6568245514850455)]","[(-5.433706539214514, -4.147261077658359)]","(-6.65, -5.75)"
"(-3.5, -5.199999999999999)","[(0.7159311962172707, -3.2296148397368363)]","[(1.6694310146121143, -3.4499432619515518)]","[(1.1675745323112792, -3.3255513975501274)]","[(0.36999978450168874, -3.7764199713361006)]","[(1.578075032657773, -3.9776721103863206)]","[(-0.060631673180031376, -4.164448742333799)]","[(2.1575716353452927, -3.902461092736766)]","[(-0.14412612524653645, -3.2373624399625016)]","[(-0.2211469026384304, -3.2754004054159327)]","[(0.4408323369390078, -3.888481708631453)]","[(0.8488280971563834, -4.299030574255076)]","[(0.5605212649625619, -3.499986862426097)]","[(1.1869241000989486, -3.3760352220054486)]","[(0.8633076059209621, -4.187586549079029)]","[(1.0481197221187477, -3.0938288803531693)]","[(0.7017709131642478, -4.191859413980342)]","[(1.041202923695211, -2.4091306464753908)]","[(-0.03418910828598054, -3.8702042431725103)]","[(0.8592075152964926, -3.049202996874904)]","[(0.3112165987433123, -2.7046466245733627)]","(0.45000000000000107, -2.55)"
"(-6.5, -2.5999999999999996)","[(6.743913100569221, -5.081062958411362)]","[(6.838211249664489, -4.350204863892549)]","[(7.473827588951993, -5.320297541669531)]","[(6.220531381718212, -4.560140149485429)]","[(7.829583457050456, -4.937637450769255)]","[(6.7243365597786156, -5.251420762889975)]","[(7.260835849511219, -4.963502593873311)]","[(6.97509795394511, -5.3624330669452105)]","[(6.563332636662189, -5.364446901721641)]","[(7.4874194721525695, -5.684538932857316)]","[(7.462459080981535, -4.628619912671899)]","[(7.935928305404868, -4.2167556297682705)]","[(6.918982125429664, -5.2361077154262725)]","[(7.354991689767674, -5.208082615053809)]","[(7.6898358617036155, -5.375004030859859)]","[(6.645249342515491, -4.536572435478634)]","[(7.519186356345898, -5.238306403390985)]","[(7.581517244891314, -4.343433836202205)]","[(6.357799495033077, -5.120688465843571)]","[(6.724631811741002, -4.746517768382503)]","(5.700000000000001, -4.6)"
"(-3.4499999999999993, -1.5)","[(5.513579396571118, -3.005363075416404)]","[(4.8431036979991875, -2.645414355599192)]","[(4.254169424928825, -2.103942279687992)]","[(4.9387163973445745, -2.326890339433518)]","[(5.284499539729249, -2.2375578590047605)]","[(5.051655475535937, -3.1758699302321376)]","[(5.467727165948555, -2.1461391165485098)]","[(5.174415078111291, -2.930523573296688)]","[(5.787645218456927, -2.483522067181411)]","[(5.727960075034697, -2.8430276611796046)]","[(4.679440804065869, -3.394713964968907)]","[(5.469659239593546, -1.863626549020764)]","[(5.361387851978771, -2.786272541682759)]","[(4.720662192745471, -3.150695028621955)]","[(4.654223282187315, -2.534776921762216)]","[(5.623613583662037, -3.5306735017409174)]","[(4.696901659377949, -1.8632642784981042)]","[(5.209572056720746, -3.1736320715651587)]","[(5.546002395790451, -3.473687602847117)]","[(5.036793711777312, -2.2818022007015464)]","(5.75, -2.1999999999999993)"
"(2.950000000000001, -2.6499999999999995)","[(-0.15163448884692882, -4.3128242817557085)]","[(0.11673628040491776, -4.238718441728927)]","[(0.4007838443291948, -3.9112333381065367)]","[(0.01397859972285688, -2.9941899426690743)]","[(0.09954880231466891, -4.133589465899577)]","[(0.335034178444434, -4.014197869360494)]","[(0.5560475656276965, -3.5526738508632487)]","[(0.14304743617380755, -3.846327986016996)]","[(-0.28074749531975585, -4.078610412735052)]","[(0.267325030414043, -3.6331684761417122)]","[(0.36422236730007584, -4.714889698965077)]","[(-0.595275890481925, -4.10473662618984)]","[(0.14146857746702185, -3.6834419619297627)]","[(0.5089998276151882, -4.245191215535763)]","[(-0.504801865349623, -3.9758636452453513)]","[(-0.5919231160479792, -3.6263816594569334)]","[(-0.6526080912686519, -3.993390284316972)]","[(0.724547838421751, -3.908819125679381)]","[(-0.20169993780139855, -3.4712462241328277)]","[(0.5830689242926793, -3.883934384453908)]","(-0.9000000000000004, -4.55)"
"(-5.25, -4.449999999999999)","[(4.3597555936143175, -1.9819589553466093)]","[(4.2839806792233315, -1.2826726289426138)]","[(4.491896575673189, -1.0737394754087584)]","[(4.0053608512176595, -1.3177220265824625)]","[(4.53809643893541, -1.0314073082190818)]","[(4.540749797581459, -0.7311984921444636)]","[(4.262223582638557, -1.748472821604531)]","[(4.550184805752761, -0.6764555097032658)]","[(4.01693020768208, -2.2488981147548044)]","[(4.215915682093321, -1.1444720237069335)]","[(5.399092383028771, -1.2215003726127591)]","[(4.432150960054668, -1.3528609097794124)]","[(5.173073334493436, -0.41227714988845376)]","[(3.786308954042928, -1.4625800694756566)]","[(4.616871269411814, 0.010258317267934691)]","[(5.673359794626747, -0.8486516025173856)]","[(6.040492041391827, -0.8496082586169216)]","[(5.681498689663705, -2.0469768808722737)]","[(5.388399732016476, -1.0647532235984714)]","[(5.050018357623193, -0.25467835494992785)]","(4.300000000000001, -2.8)"
"(-1.9000000000000004, -4.699999999999999)","[(3.850593194644019, -3.9066362045503547)]","[(3.709770853804171, -3.630599565668338)]","[(3.4376424671689847, -3.2147940929685284)]","[(3.9813891717167116, -4.176220634651909)]","[(3.927115107566094, -3.9528256419949814)]","[(3.249557581828987, -3.900350932265477)]","[(4.605186371995154, -3.6521033422796783)]","[(4.828433057154807, -3.9654228712434976)]","[(3.984075453148286, -4.002729201759793)]","[(4.8174576170387455, -3.939895626898377)]","[(4.759745420461363, -3.8018484671196857)]","[(4.184810900933436, -3.262027995378454)]","[(4.736298366438522, -4.807779220504608)]","[(4.756122122690772, -2.908402560905688)]","[(4.761215884861024, -4.4554486035109235)]","[(3.249587643339096, -3.777097639650589)]","[(4.35298906115651, -3.962507084299367)]","[(4.100603542909231, -4.910759725538298)]","[(4.545293922726175, -3.8887424944426043)]","[(2.7101385510487397, -4.762098960816856)]","(5.050000000000001, -4.0)"
"(-4.199999999999999, -4.449999999999999)","[(-2.7783470869524396, -3.1339599271314875)]","[(-3.3851918043003004, -2.21716265130371)]","[(-3.3161707698571794, -2.9048976134076967)]","[(-3.0903132040695858, -2.5636615432314147)]","[(-3.888730506343138, -3.110307948191576)]","[(-3.4871513307489206, -2.8656551242632786)]","[(-3.116997548533174, -2.7976797036562013)]","[(-3.2171880151288432, -2.450012875810927)]","[(-3.6899404800075897, -2.8809109375133035)]","[(-4.044955686094941, -2.7263398882208607)]","[(-3.358499683442892, -1.960258554578771)]","[(-3.6282649038233585, -3.088407540336022)]","[(-3.1944829139948463, -2.441547356765194)]","[(-3.734068575449477, -2.609015573972994)]","[(-3.1026919933259123, -3.044368930143686)]","[(-2.3668265484944646, -2.664318232862823)]","[(-3.8573272701441113, -2.8478370242194884)]","[(-3.282645479055168, -3.2992787532530103)]","[(-3.7477313489943436, -3.557275966531733)]","[(-3.0020078784008506, -3.8221014534694087)]","(-2.0, -3.05)"
"(5.700000000000001, 0.5500000000000007)","[(-4.18171536434671, -1.8445207204397922)]","[(-4.498864680829495, -1.7342815527024729)]","[(-3.6609459350430114, -2.4021953957693585)]","[(-3.657190749077089, -1.9615030894458803)]","[(-3.3172394002841576, -2.3445325361573213)]","[(-4.144748262843365, -2.071656765316718)]","[(-4.094921606542208, -2.153382718309448)]","[(-4.689589943608532, -2.5431506292935797)]","[(-3.5172457498226404, -2.1995139368437138)]","[(-4.18715706471027, -1.4036088407557175)]","[(-4.364004786555121, -1.7635206414486062)]","[(-4.1186971578061495, -0.9375809337287326)]","[(-4.143646378746362, -2.355203103033729)]","[(-4.188520798989339, -1.2065802023729792)]","[(-4.501714825494997, -1.5311124869117554)]","[(-4.818966158680683, -1.340159620084166)]","[(-4.575581813637028, -0.8541469389473193)]","[(-4.479001207793536, -2.1150154145486364)]","[(-3.999496807007373, -1.99207918074822)]","[(-4.705761403866111, -1.2006850715822455)]","(-4.35, -3.1499999999999995)"
"(7.199999999999999, -0.09999999999999964)","[(-1.5620687785169656, -0.6111512618400103)]","[(-1.9932808883979183, -1.2519546616378516)]","[(-1.6755362384850954, -0.33016797161717765)]","[(-2.3390384594190126, -0.5194305186517547)]","[(-1.2643891446557407, 0.4354784034900799)]","[(-2.509640771536938, 0.11855421097880708)]","[(-3.305783184258517, 0.22072062586510804)]","[(-2.539694446674074, 0.8773063156906673)]","[(-2.673007718057546, -0.7260246818358479)]","[(-1.5686295531086092, -0.5226432302219781)]","[(-2.0147570449919807, -0.8651423647349292)]","[(-2.0424054113626298, -0.4387597820629614)]","[(-2.3482300307735553, -0.9577335886078522)]","[(-2.1969246745540114, -0.20509302136494648)]","[(-2.428388493006124, -1.4667276568542014)]","[(-1.9476680378421176, -0.248359687886345)]","[(-2.4093160234356907, -0.943541811485235)]","[(-2.9155990876579727, -0.7690846540893919)]","[(-1.7180251872581054, -0.09004811485041453)]","[(-2.657258820606616, 0.019692917984447)]","(-1.6999999999999993, -1.549999999999999)"
"(-6.0, -1.6500000000000004)","[(-4.587019929187077, -4.571261919730421)]","[(-3.6776452675574305, -4.501990935218811)]","[(-3.389879453417673, -4.380773488515599)]","[(-4.340683500257071, -4.232277139994306)]","[(-4.29523297181388, -4.194789448141971)]","[(-3.693178192059897, -4.2891400092059975)]","[(-4.441232481151091, -4.425153981444408)]","[(-4.014356185202041, -5.020223844895929)]","[(-4.547486342327836, -3.2915429460089713)]","[(-3.3285391703340137, -4.125080806558306)]","[(-3.379594291662955, -4.745464254238339)]","[(-3.87294378931718, -3.9622253507672127)]","[(-4.626020852980779, -4.580330627611362)]","[(-3.9291752993128677, -3.9065449211206764)]","[(-3.796856105449422, -5.4559620197936365)]","[(-4.652327985747696, -4.371258501315817)]","[(-4.486121102837824, -4.890774402423943)]","[(-4.265418785583661, -4.8188926663385105)]","[(-2.9619942942563884, -4.276168380965521)]","[(-3.8676100135807383, -4.2563019262867545)]","(-2.1999999999999993, -4.3999999999999995)"
"(-7.05, -0.6999999999999993)","[(-4.2206469459053295, -6.073124045069043)]","[(-4.7507792785062, -7.156475751889452)]","[(-4.705869375867787, -5.95554562347582)]","[(-4.606275927831329, -6.2948442025027855)]","[(-4.355942558844593, -7.107970377519576)]","[(-4.4307178816680075, -7.026479220469531)]","[(-3.942023586788882, -6.949290118376404)]","[(-4.945501480058292, -6.233628247969091)]","[(-4.715163154680116, -5.986389952525019)]","[(-4.448825261138149, -6.201363302212609)]","[(-4.801602838102804, -6.555147088540701)]","[(-3.7670254530798917, -6.520154183808876)]","[(-4.064743250891931, -6.688879988492475)]","[(-4.744455149390519, -7.729666307789144)]","[(-5.013016307080879, -6.934044467244606)]","[(-4.434781810623186, -7.001988765676284)]","[(-4.396062147854633, -6.579159325573098)]","[(-4.538097162440719, -6.632653596288372)]","[(-4.424999403922263, -6.640708246475266)]","[(-4.549877633580301, -5.8730043842037105)]","(-4.6, -5.1499999999999995)"
"(1.200000000000001, -5.199999999999999)","[(4.1373415744299065, -4.826957668575566)]","[(5.261704448243633, -4.926243209610841)]","[(6.129602992744837, -5.798025238735433)]","[(4.138520259468782, -5.728392639942172)]","[(4.936059802395193, -5.1258823288286965)]","[(5.198497404179999, -5.332995174358713)]","[(5.631001149647591, -5.316782518700803)]","[(5.59691673289888, -5.176902737920885)]","[(4.936669109094049, -4.946262406638689)]","[(4.33330274259465, -5.343709168054781)]","[(5.486992245445264, -5.220413390848916)]","[(5.612345432686844, -5.10562257847189)]","[(4.900099445383454, -4.908575049290552)]","[(5.646573843678329, -5.42160048265707)]","[(4.860460598193101, -5.074870046081585)]","[(5.526741921183034, -4.6305139176455015)]","[(4.473949062034587, -5.2771189014561735)]","[(5.361340763805671, -5.418960883921894)]","[(5.883348028989942, -5.28648881926245)]","[(5.056102366984157, -4.911509115529075)]","(6.0, -5.0)"
"(7.0, 3.8500000000000014)","[(0.7946526638487741, -2.930371806211596)]","[(0.8043891103811855, -1.9516660441654998)]","[(0.910081821875764, -1.9183714893491755)]","[(0.2427504276032434, -1.577183191789607)]","[(0.5599998325611084, -2.827173805843533)]","[(0.5481332698544567, -2.3549724508941665)]","[(0.48293235910857063, -2.811586327844725)]","[(1.0697219065961183, -2.681722745816404)]","[(0.9235566210076493, -2.200662598251039)]","[(1.1437512146363271, -2.218132899946589)]","[(0.38287287048610186, -2.084994829708741)]","[(0.8771359488757684, -1.4856328040090334)]","[(0.2248482524064336, -1.326920042708437)]","[(-0.1462033095171194, -2.5932741141487097)]","[(0.112562711716159, -2.7613335510793036)]","[(0.7667118371647477, -1.754228330793169)]","[(0.9280872724116362, -2.0103769543764027)]","[(0.4104304171994339, -2.522535434069294)]","[(0.24898828179726695, -2.6676316798589816)]","[(0.2889450616017156, -2.2719696697224485)]","(-1.4499999999999993, -2.4499999999999993)"
"(1.25, -4.6499999999999995)","[(5.778363966678387, -2.2903748315207264)]","[(5.578231995908485, -2.444811159474839)]","[(6.248857679061952, -0.8589821555999593)]","[(6.60044466588688, -2.219952427812536)]","[(6.128133251973378, -2.095046591529737)]","[(6.489584688439137, -2.3113704814621867)]","[(6.487540019998344, -2.073346176256052)]","[(6.005480930288375, -1.3347602883604477)]","[(5.75617062777753, -2.0156265555476294)]","[(5.448413262024054, -2.557181344418311)]","[(5.391227681638782, -2.2968019094821717)]","[(5.738200814191096, -1.2313209814900654)]","[(6.074307898780151, -1.514487869495372)]","[(6.5499878056032586, -2.0799042308965787)]","[(6.930207098826629, -1.722178072917813)]","[(6.4033518429615635, -2.75038469367989)]","[(6.89120126054292, -1.3985109377696927)]","[(6.366677853519076, -2.28968699326835)]","[(6.087465534182832, -2.4813421968661653)]","[(6.549193810108667, -2.229864920838219)]","(5.4, -2.4499999999999993)"
"(-4.6, -4.949999999999999)","[(-5.643842860067085, -5.718917516463364)]","[(-6.147952971438077, -6.529798864571333)]","[(-5.499753446371299, -5.572020364723053)]","[(-5.468138106013051, -6.214961969271748)]","[(-6.43808200432355, -6.4669588054113385)]","[(-5.561941784554514, -5.4220328296483595)]","[(-5.64156182681454, -5.606164992201626)]","[(-6.306308758259825, -5.738680521504698)]","[(-6.4870849037209535, -5.249137855594784)]","[(-6.2818927179789545, -5.951501451831504)]","[(-5.529581148117686, -5.39771085509007)]","[(-6.121002266796303, -5.532031670643859)]","[(-5.8355960323113125, -4.895001127509839)]","[(-6.855464612262353, -5.653011980593752)]","[(-6.459677690337969, -5.708654685553993)]","[(-5.375240071779623, -6.4249067955418)]","[(-5.668069060377861, -5.412014794789921)]","[(-6.39210468773504, -5.2818531623617355)]","[(-5.434194007579231, -6.335768703364205)]","[(-5.5109868337413275, -5.337642239557971)]","(-6.8, -5.5)"
"(-3.8499999999999996, -5.75)","[(7.548686060151663, -1.3397513855653973)]","[(8.254384443142206, 0.08566572387682259)]","[(5.8018219219288225, -0.6140351714408037)]","[(7.249273845150387, -0.3916184054983461)]","[(7.5846477017391924, 1.0977127839728853)]","[(6.718095312937315, -0.12033857682521595)]","[(6.923501624767418, -0.29569372307448627)]","[(7.249579899151167, 0.14432120030333379)]","[(6.361526211207881, -0.5024760988117096)]","[(6.385923093314317, -1.1322927794796094)]","[(6.94018386411931, -0.41387970165126853)]","[(7.249549968046497, -0.619725875943349)]","[(7.590013184879325, -0.10372439781655518)]","[(6.4703738804598006, -0.047180029949857205)]","[(7.251288444441067, -0.7047952394949264)]","[(7.035026988448928, 0.059224997713772265)]","[(6.069382788709052, -0.3539331237177363)]","[(6.2390022844063875, -0.0433722384620403)]","[(6.727795140652795, 0.24341265324264433)]","[(6.596367291999101, -0.06758582455328657)]","(5.850000000000001, -0.1999999999999993)"
"(-1.799999999999999, -1.3499999999999996)","[(4.212955676767844, -2.90859976233209)]","[(4.103331828718048, -2.310848780948376)]","[(5.618170731681133, -2.252227299529516)]","[(5.5538264739617205, -2.8469055176241445)]","[(4.553074595860811, -3.3850733776012873)]","[(4.666376993539743, -2.5603182885684523)]","[(4.835778339379919, -2.5309768782645174)]","[(4.1958792948356525, -2.796577612663853)]","[(6.223914004834851, -3.3175977691528162)]","[(5.2820606475415355, -2.6065749913907323)]","[(4.959716210568344, -2.515403788436052)]","[(5.181274905837712, -3.268790367574007)]","[(4.646512025006498, -3.445298089159056)]","[(5.233247237496411, -3.3274173253438786)]","[(5.327856205244785, -2.1914609485235803)]","[(4.896540318086432, -1.7470823381655358)]","[(5.361828921351335, -2.140041288436618)]","[(5.437707834191582, -2.3443231327098846)]","[(5.872911535249315, -2.9521242943675166)]","[(5.57738037103139, -2.755054095080978)]","(6.600000000000001, -3.25)"
"(-3.8499999999999996, -5.6)","[(-5.5562698842965315, -4.414497195429974)]","[(-4.71304837673563, -3.337171752047591)]","[(-6.593008125248426, -4.204059402347365)]","[(-5.3886810572548836, -5.539122280060069)]","[(-4.737227872022055, -4.8982711995499635)]","[(-5.115233108237065, -4.395117091239344)]","[(-6.10080981266459, -4.4725458680319505)]","[(-6.102858156352098, -4.756491892876333)]","[(-5.273480308956616, -5.135717593454201)]","[(-6.20600707613435, -4.916794266286158)]","[(-6.31956477573175, -3.562183632509452)]","[(-6.508771163937427, -4.15762265566652)]","[(-5.059074715221615, -4.854997179125668)]","[(-5.059074715221615, -4.854997179125668)]","[(-5.304635338948217, -4.753373055672131)]","[(-5.541840508513015, -4.932771138275606)]","[(-6.064416920506468, -4.475551325578412)]","[(-6.037933291097557, -4.87792005380436)]","[(-5.781023537103766, -3.9999014328278517)]","[(-5.184932257331702, -5.10262239195179)]","(-6.55, -3.3999999999999995)"
"(-6.1, -1.4499999999999993)","[(5.420463402019898, 1.2182308464198315)]","[(4.835272171904315, 0.3826527071394834)]","[(4.063016006833224, -0.11145323495841242)]","[(4.681770503735104, 1.0092961794578497)]","[(5.423790932393546, 1.8190202367032362)]","[(4.755139083863213, 0.7818771929258124)]","[(5.4695725496792065, 1.4121516137990135)]","[(5.0088558014567415, 0.14300796949011851)]","[(4.063435525971735, 1.674915273790651)]","[(4.827439422838523, 1.0409751965292995)]","[(4.8005192593617565, 0.14135113224615758)]","[(4.957989015336109, 0.5318326502804671)]","[(5.419248532126486, 1.8945904848359114)]","[(5.097795524739767, 1.4474181423957808)]","[(4.1910567956018205, 0.9061106800146772)]","[(5.0324987660714005, 0.7905614412045735)]","[(5.438945722201663, -0.07154294477839718)]","[(4.671130120527215, -0.3187422048278018)]","[(4.670527965169574, 1.1560107464189682)]","[(4.566072685555675, 1.6311319643547848)]","(5.0, -0.8499999999999996)"
"(6.600000000000001, -0.049999999999998934)","[(8.421810967385492, -0.11757462979540712)]","[(8.645562190431397, -0.8896706214088487)]","[(8.466074385406557, -0.6274975731998533)]","[(8.835830239516529, 0.19289971040200826)]","[(8.955245686339602, -0.6668261998017502)]","[(8.46293207481497, -0.5626837537624202)]","[(8.616240806240414, -0.5878126865614145)]","[(8.76412600973362, -0.6451146331790519)]","[(8.520805301765733, -1.409296856070494)]","[(8.334871259778016, -0.5817651996823654)]","[(8.563309117861705, -2.018098869802028)]","[(8.184278690550284, -1.1847578855607857)]","[(8.595522610514912, -1.725658359673783)]","[(8.284405021313132, -0.9932391332748848)]","[(8.477358996471763, -0.9643508579034133)]","[(8.775227440633378, -1.5395269258796749)]","[(8.653069923340466, -1.5607806911959883)]","[(8.754444297231293, -0.9674286252922358)]","[(8.536882846549618, -1.2100627011468734)]","[(8.78214119443292, -0.3078814820796927)]","(6.449999999999999, -1.4000000000000004)"
"(5.550000000000001, -5.3)","[(-6.615644140521678, -1.7967309835140521)]","[(-6.207052762706972, -0.6477311028382836)]","[(-6.269497408183351, -1.088311499383119)]","[(-6.1544880951334155, -1.5344576247004675)]","[(-6.078312575075933, -0.2827692312048037)]","[(-5.666376864241445, -0.32234216146665495)]","[(-6.34819906628671, -1.370998042609792)]","[(-6.5096818420274065, -1.6770748407541318)]","[(-6.539267782857565, -1.5092813768552482)]","[(-6.263009558007296, -1.520934250901092)]","[(-6.239065603755948, -1.7153729293175783)]","[(-5.751065030330501, -0.7686466345255468)]","[(-6.877813246252469, -0.9798782023676291)]","[(-6.239297447559151, -0.4626142569096846)]","[(-5.788759569346847, -0.9779459007344813)]","[(-5.84749965674805, 0.31236146254444863)]","[(-6.420684490985813, -0.5230329810815718)]","[(-5.467457581564144, -1.1424746745840102)]","[(-6.430253346133977, -0.647283348297107)]","[(-6.199625522415103, -1.5361915475972063)]","(-6.15, -0.049999999999998934)"
"(-5.95, -4.35)","[(-0.5559402255645023, -4.88879561791639)]","[(-0.6677629749716738, -4.896163208513827)]","[(-2.0207702110607815, -4.784407422315071)]","[(-1.3852154724818369, -4.568398898339279)]","[(-0.18966922858106494, -5.653615543508192)]","[(-2.228721051653628, -5.1584712362646385)]","[(-0.7814705295278834, -6.003961377180069)]","[(-0.3539278358426905, -4.7201410987773516)]","[(-0.9673426121801216, -5.466950931419912)]","[(-1.2083866304372681, -4.9608100066462)]","[(-1.716216187312527, -5.418033595498731)]","[(-1.142623859779472, -6.876068666726139)]","[(-0.5013550908596481, -5.844220805093638)]","[(-0.34060301834325046, -5.089600248116234)]","[(-0.9902114805765635, -5.053052352197148)]","[(-0.7149856887275216, -6.090571497794854)]","[(-0.7420683966389471, -5.3675627003007165)]","[(-0.8301983271211021, -5.5708158453064165)]","[(-0.20648540866829246, -4.546216211505514)]","[(-0.48030367573101657, -6.477946870299572)]","(0.3500000000000014, -4.8)"
"(3.5, -0.8499999999999996)","[(-0.5890563853691161, -3.8939823351687335)]","[(-0.6838183930421843, -3.767208438141198)]","[(-0.15171477579335058, -3.514699642781039)]","[(-1.0906276533862125, -5.096857444030257)]","[(-0.8910189415625467, -3.0645151246805526)]","[(-1.2207648269209446, -4.283387106426218)]","[(-0.5521697170445186, -3.567576672167642)]","[(-1.1477355314399433, -4.362385591000706)]","[(-0.7908700536056965, -3.7078518373961735)]","[(-0.6771479555969233, -3.87721779911835)]","[(-0.8090974208017132, -3.6039492799181465)]","[(-0.2306604913559019, -4.326124230176594)]","[(-1.1423600810772616, -3.137428340572258)]","[(0.05707897794764927, -4.0558723452882415)]","[(-0.7739492050074759, -3.7538884099958962)]","[(-1.2423128170661695, -3.3404492629568345)]","[(-0.41476512738479576, -3.584982569037293)]","[(-1.1908062459411006, -3.2532471471284232)]","[(-0.5532757376105503, -3.574682809262817)]","[(-1.1908062459411006, -3.2532471471284232)]","(-1.049999999999999, -5.6499999999999995)"
"(-1.3499999999999996, -3.55)","[(3.1177265986525695, -4.05508131505626)]","[(4.854095775607407, -3.7719991506970083)]","[(4.374158843624542, -3.4207295611839457)]","[(4.025771417051894, -4.102831890967493)]","[(4.196969456871248, -3.4233573921106464)]","[(4.08424864806619, -4.038657974366065)]","[(3.7082462030057295, -3.6322655626682288)]","[(2.995065899527955, -3.832950725843869)]","[(4.588255170506429, -3.8443441594756207)]","[(3.9120725364724747, -3.2889131513652465)]","[(3.6103107573491253, -3.75926798794912)]","[(4.461708763324862, -3.92784373836422)]","[(4.0982673503834945, -4.09543326664022)]","[(4.706064245763176, -3.0172920698485974)]","[(4.199780982893616, -3.8546919445398595)]","[(4.114743531282081, -4.356875283076851)]","[(5.070932532916785, -3.77042342919638)]","[(4.927142620803671, -3.9428193789894346)]","[(3.734768652534301, -3.6880375764329116)]","[(3.903566325533919, -3.7658696902863196)]","(5.100000000000001, -4.0)"
"(1.700000000000001, -3.55)","[(7.474480315450839, -2.9236384106195366)]","[(7.810120846196581, -2.965832516869661)]","[(6.565442610697646, -2.2190184370937525)]","[(6.987154357851789, -3.200941348019299)]","[(7.054498186785824, -2.2378437307485317)]","[(7.475962652257035, -2.463646013475248)]","[(7.691300236455702, -2.6739844183759995)]","[(7.61563942674682, -2.3911153024541814)]","[(6.724642101607234, -3.189858402539307)]","[(7.382884454740041, -1.7621902631959665)]","[(7.871676758827604, -2.4618091237571846)]","[(6.890667918370584, -3.1194431913522043)]","[(8.858338130594053, -2.7739548394798907)]","[(6.8429470567120845, -2.8140639493392134)]","[(7.498423740362063, -2.708058910092242)]","[(7.487749849073133, -2.5893669868048845)]","[(6.903445166113531, -2.2038721391084106)]","[(6.418244639241811, -2.1138190339387153)]","[(7.277034706917128, -2.994249340501032)]","[(8.069174249347412, -2.4116714219891113)]","(6.5, -3.3499999999999996)"
"(6.050000000000001, 0.75)","[(1.8072366144561778, -1.800782976240921)]","[(2.7242087911370376, -2.099488189622579)]","[(1.7943505525781978, -2.1438407223148044)]","[(1.7669897269616899, -1.8406644089002668)]","[(1.1701787212673929, -1.2386738500594041)]","[(1.903050648937249, -1.803175695731192)]","[(1.715557967796531, -1.2713572075141806)]","[(2.4289490566897385, -1.941815923843763)]","[(1.4933038065774955, -1.3271631442685115)]","[(2.1630606162660526, -1.63824429842257)]","[(1.9387033352308607, -1.7904225963882006)]","[(1.0670690260557976, -1.7722114338085337)]","[(1.4163410126005083, -1.9930434081334591)]","[(1.6765453444036005, -1.5354951015837575)]","[(2.329969146889401, -2.2871602669112123)]","[(1.9858024194078778, -2.002208878314253)]","[(1.5091854401856566, -2.4677273761117333)]","[(2.2979324159204966, -2.301255102987338)]","[(2.251187169731536, -1.960188189770732)]","[(1.2045409747666667, -1.5261611543565095)]","(3.4000000000000004, -2.0999999999999996)"
"(-5.85, 0.15000000000000036)","[(-4.02786426565504, -3.858709921201736)]","[(-2.4883876408374204, -4.42474507970142)]","[(-3.9418092933805284, -4.831653695713148)]","[(-4.227841891587669, -4.197437735816316)]","[(-4.638422161638188, -4.124669336278715)]","[(-4.385655274788792, -5.057045105113529)]","[(-2.8500764122786726, -4.460987838806589)]","[(-4.095457943819393, -4.552365441696872)]","[(-4.174772845532088, -4.554564805998206)]","[(-3.2796024379870854, -4.295774275303364)]","[(-3.3345296567050244, -5.276286124240374)]","[(-4.051786599047106, -4.29154330507621)]","[(-4.575311692696039, -5.164175214485153)]","[(-4.3768364734453895, -4.241456087619427)]","[(-3.794609128818408, -4.00952383962683)]","[(-3.4868146299565055, -4.223700651275834)]","[(-3.2335430588237175, -4.0571617282307795)]","[(-4.144425164447172, -4.345453684374371)]","[(-4.114642290957901, -4.470048759173115)]","[(-2.9293444145045227, -4.73842203845258)]","(-5.35, -5.05)"
"(1.3500000000000014, -5.0)","[(-3.935061121982165, -6.375261426934388)]","[(-5.203794749288955, -5.642350823661504)]","[(-4.903185349019034, -4.970674994890079)]","[(-5.413944412549202, -5.773022494937678)]","[(-4.880286015114711, -5.557039283451582)]","[(-5.1666361048874165, -5.763459387099895)]","[(-4.556976869855206, -5.619116300247469)]","[(-4.295492449856003, -5.427401844525548)]","[(-5.0274783235851235, -5.591982931885208)]","[(-5.288311067484176, -5.362686646078532)]","[(-5.588426885195825, -5.799746811034177)]","[(-4.116585718109656, -5.384533715400124)]","[(-4.260229940567489, -5.452698415928738)]","[(-5.805779849675131, -6.201470353560682)]","[(-5.0561518667470375, -5.425831016340104)]","[(-4.392581527638577, -5.591537385978605)]","[(-4.937721901520523, -6.076586124538719)]","[(-5.8668898945831085, -5.134407855924777)]","[(-4.974093962787787, -5.0448258027658195)]","[(-5.686945539363836, -5.300754616655838)]","(-6.3, -5.35)"
"(-2.05, -5.25)","[(-5.4435106856452435, -3.218458990517944)]","[(-5.865586033304325, -2.8009600289592154)]","[(-6.535456954805299, -3.019176036079073)]","[(-6.516327723923845, -4.073556425711733)]","[(-5.69111744627056, -3.0603048055513535)]","[(-6.609024457960078, -2.8496910551876673)]","[(-5.81310100901071, -2.6611464181330775)]","[(-5.761570111669042, -3.9745675395473343)]","[(-5.5778598208835675, -2.6516040244955357)]","[(-4.864924670657256, -4.208669550290237)]","[(-6.256135484425268, -3.710643526937065)]","[(-5.401654090103588, -3.4225381670845008)]","[(-5.209169461848316, -3.4027517410200447)]","[(-5.264868499292628, -3.110898843625618)]","[(-5.165149384256743, -2.806899761327851)]","[(-4.909890712504112, -3.9197923094275775)]","[(-5.207584940313005, -4.023977878820809)]","[(-4.900808976797672, -3.6382528716640126)]","[(-6.028207687722017, -3.1238004647013966)]","[(-5.844656848682512, -3.7547807530465955)]","(-6.699999999999999, -4.699999999999999)"
"(7.199999999999999, -4.25)","[(-4.1202226765698216, -3.155473267045037)]","[(-4.072035072807919, -3.3578733124460074)]","[(-4.618409037223216, -2.7666309487746816)]","[(-4.0347695587892884, -3.5342882818955754)]","[(-3.978113960705981, -3.2664931881603545)]","[(-3.5538502547670703, -3.452938130022746)]","[(-3.6548365479889755, -3.0271637757517844)]","[(-4.336486455125621, -2.3864507685956333)]","[(-4.581798447984203, -4.263524686649118)]","[(-4.014003618382928, -3.692094644531503)]","[(-4.565761166008904, -2.4732907324400655)]","[(-3.880469744920404, -3.7862656080875268)]","[(-4.875465104425647, -3.58159564964925)]","[(-4.129626145763502, -4.245210227929055)]","[(-4.097301141100387, -3.652237020822166)]","[(-3.4392447322204753, -2.9021731447036268)]","[(-4.679323796703376, -4.067843181373892)]","[(-3.6223950343546485, -3.296709312837748)]","[(-3.486831141090785, -3.486884667583201)]","[(-3.4130119269932435, -2.740493911183263)]","(-4.55, -4.3)"
"(-4.8, -1.6999999999999993)","[(-2.571050197117085, -5.25315590567295)]","[(-2.9368834154952275, -4.748268895088835)]","[(-3.4186171903197744, -4.983822269891484)]","[(-2.616338969437957, -4.535385186106254)]","[(-2.1839637575790745, -5.928320225426541)]","[(-2.8388155657153, -4.764665657981575)]","[(-3.0524988495452967, -5.529307500623656)]","[(-2.3268194629572347, -4.058133586890184)]","[(-3.1036816895878396, -5.7313687581807065)]","[(-1.4411368778992322, -4.480116832773123)]","[(-2.8566826133872154, -4.95730531124141)]","[(-2.070789508088464, -4.783397970000732)]","[(-2.5937635154886514, -4.715118682076433)]","[(-3.1369705288395524, -4.5140938647717945)]","[(-3.107602809823989, -4.667969999213027)]","[(-2.2530841188652806, -4.6756750985560425)]","[(-3.177349799439077, -3.924927623573411)]","[(-2.1589160615539473, -4.46145407865257)]","[(-2.706912575934188, -4.836233372685653)]","[(-2.796821124478395, -4.638877900906867)]","(-2.3, -2.8)"
"(-4.85, -1.299999999999999)","[(-7.670799882037445, -6.596550637906546)]","[(-5.747327435797222, -5.7977130089037034)]","[(-5.692445619328669, -6.062915038612893)]","[(-7.128055655782549, -6.436275287166783)]","[(-7.905302415437427, -5.4302601047965195)]","[(-6.606031912196506, -6.83068093132022)]","[(-6.101490874932782, -5.885066592891215)]","[(-6.59896346486846, -5.0321181266176644)]","[(-7.133470661374325, -5.504195763889215)]","[(-6.26071788171809, -5.95079945797602)]","[(-7.2577106186590274, -6.174916098507639)]","[(-6.452379779066305, -6.063242092108842)]","[(-7.1169751577453315, -6.203260671487988)]","[(-6.867021693639803, -5.725489681912621)]","[(-6.8189037501200005, -5.951219477338713)]","[(-6.575272449593404, -5.2122987815542245)]","[(-6.19935268742945, -6.111170009588044)]","[(-6.7445107368633685, -6.135477967092464)]","[(-6.819501009715654, -6.233368146987199)]","[(-7.137860596687977, -6.735551811443962)]","(-5.5, -5.0)"
"(2.1000000000000014, -0.8499999999999996)","[(6.233476401705472, -5.447720049469566)]","[(5.815979362224876, -5.240060745505208)]","[(5.718876445928654, -5.6531654665675175)]","[(6.552803822875341, -5.173694212025034)]","[(5.650624351862969, -5.000399142878413)]","[(6.653732742131578, -4.9967038547500895)]","[(5.600414123478375, -4.613179415150448)]","[(5.88625011004918, -5.099340006720932)]","[(6.7018310738937314, -4.998438785406468)]","[(5.563001228294305, -4.839283290505089)]","[(6.272849286321386, -5.960259079389968)]","[(5.730616447473358, -5.103993373085314)]","[(6.741141982434319, -5.48893734036226)]","[(5.789234559895302, -5.237741310438268)]","[(6.548300404023392, -4.3602427531880075)]","[(5.948033874477869, -5.25677558188172)]","[(6.893874441208254, -4.983218229029519)]","[(5.808232576234186, -4.837200461051572)]","[(5.959622716758663, -5.132312530399695)]","[(6.868926725407699, -5.006658018669055)]","(7.100000000000001, -4.35)"
"(4.9, -4.8)","[(-4.78438520751979, -2.2559637267476864)]","[(-5.456526741094159, -2.7095500515340505)]","[(-5.2992271477279695, -2.1038614039139927)]","[(-5.1150698936938435, -2.1619532114894184)]","[(-5.107174931704387, -2.7495112907576846)]","[(-4.619375709985684, -1.6261498553468057)]","[(-4.225605402257627, -2.1542231857494922)]","[(-3.7984763950159475, -2.9022467724268517)]","[(-5.254173185210025, -2.321204496113527)]","[(-4.423674887984139, -2.602777563025388)]","[(-5.035310828700405, -3.4849992951438313)]","[(-4.5586440453847015, -2.200866237048662)]","[(-4.226064763757704, -1.521283228756274)]","[(-3.7870250911618744, -1.9383997227633016)]","[(-4.245714227262275, -1.7766332794670774)]","[(-5.8711583843121025, -2.5358548941449133)]","[(-4.471335791823405, -1.4971824078142248)]","[(-4.497392089122229, -1.977102801070668)]","[(-5.4935105807598115, -2.765096929274097)]","[(-4.556685705449542, -1.8285834627337603)]","(-6.25, -1.799999999999999)"
"(-1.75, -3.1999999999999993)","[(8.269026568105765, 4.874123829537424)]","[(7.582248135931277, 3.9662971050075075)]","[(7.782443903454741, 4.184554017413535)]","[(7.889634922985789, 4.213085280340645)]","[(8.325260336263034, 5.123253296274498)]","[(8.00099152189065, 4.0236622578308285)]","[(6.753046818523906, 4.507233745523724)]","[(8.088197691281936, 4.81749633973081)]","[(7.176606662487886, 4.724751430513335)]","[(7.8565543984411725, 3.2837910163481974)]","[(7.18176344069234, 3.943338625468244)]","[(7.761556327973314, 4.3737282701288995)]","[(8.126021230593173, 3.942626395726723)]","[(7.6692137625824435, 4.079618476872723)]","[(8.35941719092915, 3.3852944309705917)]","[(7.746677635796636, 4.652048105858669)]","[(7.283861913883236, 3.094416366419867)]","[(8.495203525931377, 4.852348796700164)]","[(7.734578217475193, 4.627884885091303)]","[(8.083255673751093, 3.545027348850907)]","(6.350000000000001, 4.100000000000001)"
"(-6.449999999999999, 0.40000000000000036)","[(2.528091350739052, -1.8945779433947363)]","[(4.290596112328745, -1.781123425218377)]","[(3.8969519122756466, -2.5245214571158225)]","[(3.868490837752726, -1.7961198048803169)]","[(3.7201457484093687, -2.8020308316100144)]","[(2.934796321736852, -1.1878817223263636)]","[(2.8420425417984676, -1.7870559018498995)]","[(3.9847885825446085, -1.5799266245004555)]","[(2.9514552143355495, -1.8778443277479326)]","[(3.4330516816726684, -1.0180611658429184)]","[(4.059975580515945, -1.6581079515581039)]","[(3.7360728544393633, -1.9410353527615376)]","[(3.964501752611003, -2.2074959403151224)]","[(3.903221562570456, -1.8260985613492549)]","[(3.889084930982921, -1.1218515034296928)]","[(3.060998872107568, -1.629765078806927)]","[(3.448428818322646, -1.6335310490669008)]","[(3.850304550057507, -2.1502319760882664)]","[(3.872556009796301, -2.51115615562972)]","[(3.8216225372602683, -0.839467886912656)]","(4.050000000000001, -3.1999999999999993)"
"(-6.55, -3.3)","[(3.145022953580901, -3.967279695174929)]","[(3.158763106927874, -3.4720588060447066)]","[(3.2127092199524063, -5.096598216515192)]","[(3.3831755220698665, -3.8170616223438403)]","[(2.8513660461614734, -3.661757559880035)]","[(3.5302465127764973, -4.216752874730349)]","[(2.8413246195259747, -4.3430692449882775)]","[(3.2876557651350424, -3.8415017355449494)]","[(3.044475581799802, -2.8913418269686497)]","[(2.6587634526138935, -3.9629317294689352)]","[(3.9063347562104367, -4.216598115782913)]","[(3.275566631827811, -3.5689940007395493)]","[(3.1830116867958655, -3.1796094505081136)]","[(2.912425441006233, -3.0024465932878512)]","[(1.9917064088918723, -4.728779290692806)]","[(3.1286814422941567, -3.2596411298390744)]","[(2.955851138734771, -4.060635124721601)]","[(2.9048242217285978, -4.349801033736373)]","[(3.0356064039464763, -4.0007390276698915)]","[(2.0660043847611265, -4.603201896699744)]","(2.75, -2.4499999999999993)"
"(-2.1999999999999993, -5.0)","[(8.459948111147606, -2.823016857828851)]","[(8.098808068549353, -2.615465910134035)]","[(6.715246789339477, -2.161953564979057)]","[(7.200608345846405, -2.940068707425914)]","[(8.05019730855747, -3.0691443516703503)]","[(6.923228911021175, -2.571066112660614)]","[(6.986301855463377, -2.7208273871327124)]","[(7.529164883247651, -3.1404695850589346)]","[(8.32764531678482, -2.9416428893663196)]","[(7.4256897024172694, -3.2752204506729656)]","[(6.836043749312755, -2.2579518581093794)]","[(8.6117589731777, -2.4758016414890545)]","[(7.687132025113459, -1.9163929132413964)]","[(8.164634455898701, -2.380091172993053)]","[(7.538632083846635, -2.417691127211331)]","[(6.925274272622565, -3.255631127382592)]","[(6.925274272622565, -3.255631127382592)]","[(7.081853961720446, -2.8766940427470846)]","[(8.487164507079715, -2.965019243361464)]","[(7.86863647445549, -1.9557668350954072)]","(6.800000000000001, -3.5)"
"(-4.05, -2.5)","[(2.078442210409679, -0.6212208898562486)]","[(1.9104459124216664, -0.7522043129636509)]","[(2.4586648291237316, -0.2674420279834675)]","[(1.8967444303104173, -0.8312942820529791)]","[(2.3612779001616637, -1.7044780089493972)]","[(1.6161568560872526, -0.18171223732746594)]","[(1.1697238232028275, -0.3765273535613717)]","[(1.4607339664330816, -0.5795618859627754)]","[(1.5695223947290564, -0.8233186646336281)]","[(1.3378614397981372, -0.8084825194680663)]","[(2.5337787220735386, -0.7439077999822553)]","[(2.079159940868583, -0.18893584646843964)]","[(1.4977639387833033, -0.5332041965465999)]","[(2.0037496790802782, -0.6786971016559533)]","[(1.594646713893311, -0.47606280882007734)]","[(1.621683390441316, -0.004874175506222711)]","[(2.069375123942944, -0.8767318831331165)]","[(1.692872074236368, -0.15666319719114674)]","[(1.7451908871826158, -0.7098966301368119)]","[(0.7418159450199066, 0.057210692517433825)]","(2.6000000000000014, -1.5999999999999996)"
"(4.850000000000001, -1.3499999999999996)","[(7.075491004751824, -5.9608700206700584)]","[(7.303932339100301, -5.290691679174842)]","[(6.044545322824301, -5.261790319967114)]","[(6.651850922375408, -6.122508910299576)]","[(6.613158049123254, -6.317732810262493)]","[(6.108848527713654, -5.7139963304395005)]","[(7.0024490488402735, -5.26616609756415)]","[(7.262493820831363, -5.475335366439686)]","[(6.342550499850174, -5.2890905189234685)]","[(6.559947751756071, -5.424039846125062)]","[(6.432367072098645, -5.45796360463519)]","[(7.127524534812963, -5.174661710651605)]","[(6.796954883935326, -5.110749704568677)]","[(7.476281103445535, -5.334698498542823)]","[(5.351453453111811, -5.163920302758715)]","[(6.4872059685654175, -5.493938212533052)]","[(5.450926500821316, -5.243016351776816)]","[(7.127524534812963, -5.174661710651605)]","[(6.371379926315728, -5.603520205716514)]","[(6.789464846339221, -5.3358927199297845)]","(4.9, -4.5)"
"(7.100000000000001, -4.05)","[(-5.247050767104856, -2.784411315431729)]","[(-4.940353546471541, -2.9389774782006177)]","[(-4.392459996974521, -4.0351200924248545)]","[(-3.775350024536295, -4.2011802350822745)]","[(-4.549189678095447, -2.6324694135917057)]","[(-5.630398180132178, -2.9015199713007083)]","[(-4.020463424716799, -3.2426075513205803)]","[(-4.275061275912229, -2.828969417430668)]","[(-4.059553598746622, -3.816721657629675)]","[(-4.45329103398455, -3.173717279472817)]","[(-5.0032268333070995, -3.7505009595850725)]","[(-4.583714022155746, -3.9842846103058682)]","[(-4.945108835501791, -2.9467889850524447)]","[(-5.086828372824188, -3.170048897457454)]","[(-4.4660723815742065, -3.1613103305593535)]","[(-3.811161332587885, -3.7367784925991514)]","[(-4.609452949281678, -3.4636042506880202)]","[(-4.556541317493724, -4.049955479749719)]","[(-4.0422006006412, -1.9972639706824933)]","[(-3.8083809325864153, -3.8652126533379243)]","(-3.8, -5.0)"
"(6.900000000000002, -0.6999999999999993)","[(6.005281219315639, 1.2526291289474194)]","[(5.840224976648863, 0.9588386658300992)]","[(6.53257667816383, 0.30835811790554635)]","[(6.3877545747247195, 0.7466326059225655)]","[(6.007219973672491, 0.2916489969199787)]","[(5.88381662102508, 0.6783631900834397)]","[(5.816942780053764, 1.5804609957846167)]","[(5.813150609906863, 0.9984247781684238)]","[(6.389820222163189, 1.051297457483709)]","[(6.524810248345473, 1.054212402700434)]","[(5.704247017791149, 0.43187531946773605)]","[(6.308282978935465, 0.8399367342270257)]","[(6.022904954925675, 1.7691325949307848)]","[(5.893776637676371, 0.9012190954706896)]","[(8.01464345047183, 1.8231915595027703)]","[(6.396623095675223, 1.3098815000157948)]","[(5.695427444293532, 1.525139584111589)]","[(5.951641303025819, 1.0373656893246175)]","[(6.599749726353038, 0.7909907308732548)]","[(6.104483361033815, 0.5652239102444422)]","(5.800000000000001, -0.3999999999999986)"
"(-6.9, -2.6999999999999993)","[(0.015542629217148746, -3.275239978994233)]","[(-0.21589403034335725, -2.9148070990525325)]","[(-0.45705017908268863, -2.9811381179711756)]","[(0.6302638938118557, -3.5978746665640102)]","[(-0.3716399789163953, -2.781034924886683)]","[(0.29711038825713415, -3.2480824443126504)]","[(-0.3116584699941982, -2.53127072099865)]","[(-0.27060594438514496, -2.4300080803221595)]","[(-0.20146712450301246, -3.7294354101307547)]","[(-1.2040927979098253, -2.9904764600687264)]","[(-0.49153265532295476, -3.4316611492915037)]","[(-1.2736155851351774, -3.8509910642578036)]","[(-0.20111344657489294, -2.5947408274352357)]","[(0.2617021354641407, -3.47280627419436)]","[(1.5921140119878292, -2.8199734046772296)]","[(-0.2477425204712175, -3.5812324040969723)]","[(0.3939447001726292, -3.141829711717813)]","[(-1.231475907906836, -3.878800542475128)]","[(-0.036819092091179464, -3.4393298512276966)]","[(-0.5237792218719637, -3.4681913758484146)]","(0.25, -2.3499999999999996)"
"(3.6500000000000004, -4.6499999999999995)","[(-1.7233605179375862, -3.5381275930574967)]","[(-2.2025778246153114, -3.2826460598295144)]","[(-1.340244525508933, -4.468040247571927)]","[(-1.1319001701022748, -3.387875373827078)]","[(-1.5732246499966054, -4.52117661557492)]","[(-1.5975497679973816, -2.948391098582008)]","[(-0.9888145233283178, -5.0313779145725475)]","[(-2.556173607761605, -4.951697410189089)]","[(-1.973828332346367, -3.1245090589686146)]","[(-1.5926454684945828, -3.884279299933052)]","[(-2.5221501812409475, -4.117178131794737)]","[(-1.9839496530488057, -3.47008932907269)]","[(-2.2431974570764677, -3.6443144953284117)]","[(-0.6035703336144644, -3.725039585942824)]","[(-0.7049231063000412, -3.6342335233250034)]","[(-0.4351920927020898, -3.726190529458658)]","[(-2.0638588972435365, -4.623181843958637)]","[(-2.3814974725910267, -4.411265962654781)]","[(-2.048870302521541, -3.698352956200618)]","[(-1.1447750711476732, -4.00243798325751)]","(-0.6999999999999993, -3.4499999999999993)"
"(-1.1500000000000004, -1.4499999999999993)","[(-5.977889770482628, -2.8496786785082913)]","[(-5.685336339318861, -3.325491153563878)]","[(-5.680262859280945, -3.455281539538154)]","[(-5.880735926104187, -2.363910444225045)]","[(-5.969660467172877, -2.876696670395327)]","[(-6.327004037705034, -3.5360021878665058)]","[(-5.706667356880435, -2.5152467431344503)]","[(-5.886721672462144, -3.278308887050429)]","[(-5.844772294417122, -2.964003230809912)]","[(-5.934808247861551, -2.936315653614792)]","[(-6.184229193687824, -3.2956962589639427)]","[(-6.201000847136854, -2.871051627882161)]","[(-6.046903362165157, -2.3662116774718163)]","[(-6.250403295999304, -2.536694681329053)]","[(-6.290699298264434, -1.9440236248222194)]","[(-5.7244022970506805, -2.507032467798821)]","[(-5.700309363322897, -2.9552736206885264)]","[(-5.799972549404211, -2.848160183939355)]","[(-5.559456656537972, -2.888136085730796)]","[(-6.130458579252259, -2.4717352390786145)]","(-5.95, -1.6500000000000004)"
"(-2.0, -3.8)","[(7.504056047450108, -2.3424290853888765)]","[(6.372149368552038, -2.23771892029206)]","[(7.652793501183893, -2.763335519679421)]","[(6.492632431068745, -2.0628760353669913)]","[(6.606616992166642, -2.3332472255318657)]","[(6.767919111827433, -2.767598069892596)]","[(6.657459448349076, -2.65302302872835)]","[(7.138698605760542, -2.841134456513241)]","[(6.074591234210173, -2.351958467511097)]","[(6.466517034866268, -2.303261022986484)]","[(6.9136100650704, -2.4712224286093725)]","[(6.102047787337212, -2.069127552536653)]","[(6.483154220702962, -2.1588257386301044)]","[(6.986637515674962, -2.6380489452630767)]","[(7.023480342747508, -2.159597092774126)]","[(6.553609944481991, -2.5415573364688404)]","[(7.367479163491935, -2.774934897538192)]","[(6.466909783876774, -2.274770070611814)]","[(7.289079089914905, -2.483857259756178)]","[(6.085373109213906, -1.8085088981999449)]","(5.0, -2.25)"
"(4.200000000000001, -2.1999999999999993)","[(0.2991031648786343, -4.871409158776977)]","[(0.7564358619476966, -4.406252127259605)]","[(-0.5937547184650804, -4.638353026637426)]","[(-0.06488893199904029, -4.846435277615929)]","[(-0.2074258916467523, -3.912544016655421)]","[(-1.0950267081921414, -4.283974288432506)]","[(-0.2093106858556515, -4.2565966482864335)]","[(0.4814149082064151, -4.956529435195306)]","[(-0.452459641537411, -3.4645201767101423)]","[(-0.5379343291511113, -4.122976180239489)]","[(-0.10130286515294888, -4.911479839497579)]","[(-0.014343102571336724, -4.225315358157715)]","[(0.18810405638130334, -4.430636670329512)]","[(0.0605190538443937, -4.533204237318568)]","[(-0.4445176147364052, -3.8944864299551027)]","[(-0.6765535997777786, -4.406542060331362)]","[(-0.34306879752388225, -4.679069683845048)]","[(0.18008867072256957, -4.566986723579502)]","[(-0.48264913271783727, -3.1914060261005286)]","[(-0.14354507453137555, -4.591310092203034)]","(1.5, -4.199999999999999)"
"(-0.6500000000000004, -3.9499999999999993)","[(4.819295123441795, -4.810613831378542)]","[(4.774738619152021, -4.931633756803963)]","[(5.231685240679007, -5.08806326932402)]","[(5.090541954947244, -5.370470049537966)]","[(5.231316761686454, -4.5195813655522485)]","[(5.109714849992761, -4.572028930261335)]","[(5.159178321539456, -4.327375668374167)]","[(6.0040621824931835, -4.642135037193883)]","[(4.583894955503791, -5.038100696549403)]","[(4.988244527164612, -3.927639622672207)]","[(4.891348318431952, -3.1048791343999596)]","[(5.368541214605899, -4.902254799558353)]","[(5.069355194008937, -4.647942338795187)]","[(5.499927736334913, -3.543016797207797)]","[(4.882437648261753, -4.092045773211321)]","[(4.992541232612341, -3.8423890275070818)]","[(5.364360852891761, -3.9493081777851278)]","[(4.66115442162583, -3.7814434343930996)]","[(4.996766190831282, -4.048691311596769)]","[(4.913075064012717, -3.9830905700593586)]","(6.100000000000001, -5.1)"
"(5.950000000000001, -3.25)","[(4.146401602854098, 1.1961260350835985)]","[(3.9361374930160533, 0.9070953870328122)]","[(4.681485913499378, 0.3189720777861493)]","[(4.526385431515475, 0.6464229085951175)]","[(4.716208131140768, 1.4887022841799666)]","[(4.554377382082723, -0.22991504098716808)]","[(3.6475100454221603, -0.4116468405217063)]","[(3.7449106791771065, 0.8468137227689333)]","[(3.9858101625727453, 0.468138083223576)]","[(4.813619170736241, 1.03122272004535)]","[(4.745909893256475, 0.6684500251205285)]","[(3.951885543672038, 0.8264584420369402)]","[(4.452277919980595, 0.8482101867092948)]","[(4.247281136244723, 0.6189131235123592)]","[(4.209449281877608, 1.122801184243773)]","[(3.8529273483610145, 1.0558142198184162)]","[(3.5259310759520113, 0.7915236664966169)]","[(5.005977942853585, 0.02219394959107579)]","[(4.866516698050459, 0.6162681558752368)]","[(4.947215338611935, 0.2892424647908085)]","(5.550000000000001, 1.0)"
"(5.75, 1.75)","[(-5.063640490898129, -5.984346324021532)]","[(-5.645376611797369, -5.516408322691663)]","[(-6.213102446966918, -5.321792794875775)]","[(-6.8443718782983956, -5.509678870802415)]","[(-5.600311561473947, -5.13222676614257)]","[(-5.557044664420797, -5.3639993647313275)]","[(-6.5510963944666685, -5.539963985372614)]","[(-6.101015918947033, -5.344571665977306)]","[(-6.164795265758527, -4.8637480553405785)]","[(-6.025355652128731, -5.147312037008378)]","[(-6.81814686600792, -6.506189471184805)]","[(-6.5597210020944186, -5.250159102619379)]","[(-5.864322243916018, -4.758834310117703)]","[(-5.93969301116837, -4.604015531578567)]","[(-6.5441947064456265, -4.98551391514183)]","[(-5.2695362904223675, -5.470519396132361)]","[(-5.36336280926789, -4.965348169412009)]","[(-6.538639718081622, -6.1922581528459775)]","[(-5.890022865229964, -5.567268461694625)]","[(-5.820497125393081, -5.4305178047867395)]","(-6.949999999999999, -5.45)"
"(4.850000000000001, -3.25)","[(0.0938582060018322, -6.165132733526165)]","[(0.16068546677693055, -5.877407827481321)]","[(-0.25383678269102444, -4.98415394030125)]","[(0.162289129167883, -6.12696526208896)]","[(0.3434312853394155, -6.671754419424917)]","[(0.39275645105582546, -6.35864051780082)]","[(0.7075079106389695, -5.868387318813898)]","[(0.12457606197787557, -6.402911213025862)]","[(0.408070296701449, -5.6187888651288285)]","[(0.10303335369628541, -6.399649750150172)]","[(0.8152571580565297, -5.4998188749591215)]","[(-0.25383678269102444, -4.98415394030125)]","[(0.05839376563649551, -5.215282870368512)]","[(0.11009223298803616, -5.163521129895414)]","[(0.6047110022940865, -5.646035820090432)]","[(0.17864288761872946, -5.693808152866162)]","[(0.0681568720051941, -5.47822503395993)]","[(-0.5167014567411805, -5.670148229061437)]","[(0.19501270406179458, -5.257682137434355)]","[(0.10672219357254542, -5.816796599215858)]","(-0.5999999999999996, -5.0)"
"(5.25, 1.75)","[(8.18977641363469, -0.931828655129514)]","[(8.550265227193544, -1.93748669674233)]","[(9.224679550151773, -0.7131191144294166)]","[(9.002657188507198, -2.2690697666144275)]","[(7.835635992134511, -2.5393434592270596)]","[(8.556550305588571, -1.3716127647263665)]","[(8.465781559114303, -1.8674217786014073)]","[(9.078185560709363, -1.8128181364615377)]","[(8.906161781099785, -1.0457035550315807)]","[(8.315101955074487, -1.763238628742836)]","[(9.232107410032649, -1.5222921862910388)]","[(8.497563476427487, -2.0033248038965956)]","[(8.736527263404549, -1.4709151536398064)]","[(9.719143204248127, -1.1988244124233018)]","[(7.880940279819185, -1.5440820952977121)]","[(8.476505056425239, -2.1452811861832166)]","[(8.800120872072817, -1.1253226628503454)]","[(8.73491464698405, -2.3462446318575787)]","[(8.383757870599588, -0.8992849690701422)]","[(9.349507328451663, -2.752178988942397)]","(7.0, -1.1500000000000004)"
"(-6.25, -5.85)","[(6.3096903264676705, 0.4428140786239153)]","[(5.653217914715988, 1.7640503159815193)]","[(6.022116327321679, 0.4809714541282806)]","[(6.15969282913715, 0.8143594733755322)]","[(6.014834623691952, 2.3142789185000407)]","[(6.448756545872914, 1.393835498976636)]","[(6.269661977575006, 0.3790709192104934)]","[(5.656553946320808, 1.2676546186555608)]","[(5.948756206576006, 0.8842161339932755)]","[(6.310231944826779, 1.1942182473122405)]","[(5.867947215613582, 0.6115444424217322)]","[(5.684910745925543, 1.6197476289154338)]","[(5.866339671117939, 1.5970667371763085)]","[(6.05505515519743, 0.44672790226771886)]","[(5.659370128110696, 1.375635373590947)]","[(6.125984360703815, 0.9935834418088022)]","[(5.454188201564037, 0.3438940974555017)]","[(5.493769820053851, 0.9971453165813494)]","[(6.1708504412086445, 1.2708971361248096)]","[(5.831596667696053, 1.3795151342638121)]","(5.850000000000001, 2.3000000000000007)"
"(5.4, -0.4499999999999993)","[(6.651025086541829, -3.60565026581723)]","[(4.944664615005465, -4.5889050910929745)]","[(3.984612377017691, -4.888329787852976)]","[(4.243652453495491, -3.907021480338634)]","[(5.543547164841768, -4.934079433873762)]","[(5.021326549007289, -5.0594776535737065)]","[(4.619606242664365, -4.387483186429649)]","[(5.9320932648142595, -3.5602033491289204)]","[(5.497604149220273, -3.91589493084415)]","[(5.017777565198468, -4.507448949109002)]","[(6.5297617895046685, -4.062368635574675)]","[(5.444917756316306, -3.8295764788253224)]","[(5.641339054299933, -5.308363759990474)]","[(5.158316722954513, -4.752234825033271)]","[(5.135574137736242, -4.494834853026436)]","[(4.228733723297394, -3.699638942899392)]","[(5.287534885536669, -5.397694996461641)]","[(5.602145740884419, -4.1462609292508)]","[(4.314491590850942, -5.101818909282583)]","[(5.003995718034541, -3.9533598110870267)]","(4.15, -3.6499999999999995)"
"(4.200000000000001, -5.35)","[(-7.299552022176956, 0.45544409736494695)]","[(-6.685785757887722, -0.37498686680647975)]","[(-8.329320918992309, -0.02415394112697611)]","[(-7.805190128731863, 0.3977871966849338)]","[(-6.702946887479307, 1.0832754470179902)]","[(-6.937207435148374, 0.5385758742205975)]","[(-7.10622398561454, 0.9921742959243736)]","[(-7.383191196888046, 0.11796188117812417)]","[(-7.200581698123445, 0.20575912233110122)]","[(-7.697098044634895, 1.362819762256883)]","[(-5.645119779972575, 0.7187891322985762)]","[(-8.171180642592041, 0.5097906567278747)]","[(-6.412082682921502, 0.1725184005041161)]","[(-6.8896441152612, 1.8481486521635069)]","[(-7.670459846698949, 0.33887784437183377)]","[(-7.323599168876146, -0.4622186128009599)]","[(-7.0291546306595345, 0.007437199900011682)]","[(-7.912606041330788, 1.083601079285562)]","[(-7.209524470079405, 0.8062162066262948)]","[(-7.815556513456768, 0.5785453247214596)]","(-6.5, -0.5999999999999996)"
"(6.650000000000002, 3.6500000000000004)","[(-5.029524034869498, 1.2986349623386189)]","[(-4.827578035616753, 1.108694581767853)]","[(-6.6892218686803595, 1.3536137540096371)]","[(-6.057422444136853, 1.4073859700378393)]","[(-5.431276090458217, 1.5631731457378695)]","[(-5.301747235377201, 1.776558678157083)]","[(-5.42096372815336, 1.4882770307651478)]","[(-5.422139701430738, 1.617213815093246)]","[(-4.522409556906009, 0.865372170406961)]","[(-5.597140352901729, 1.922848088243164)]","[(-5.4578313781080645, 2.03468847337081)]","[(-6.199831829658998, 1.6277303037974968)]","[(-5.23217495540743, 1.3715248061611895)]","[(-5.235206370096648, 0.9371644934363622)]","[(-5.879265142637509, 0.6075042886399789)]","[(-5.84693187324191, 1.1227962858934295)]","[(-5.652841536474538, 1.369136251725795)]","[(-4.9907071247383366, 0.38231297751760285)]","[(-4.949380000010675, 1.618339965266445)]","[(-5.11471216391841, 1.079134469119727)]","(-6.85, 1.9000000000000004)"
"(-6.55, -3.9499999999999993)","[(4.441668584524896, -3.613231178117206)]","[(4.817761378955645, -3.4404538781985163)]","[(3.960416656807401, -2.5650843613321825)]","[(5.427215322407407, -3.498723059277008)]","[(4.4587970043335705, -3.5793838438647247)]","[(4.703329129693886, -2.589401684106676)]","[(3.4085046601448585, -3.164907008772506)]","[(5.097990872100936, -4.0027262714002285)]","[(4.31220191079401, -3.3265869176750584)]","[(4.561747397113818, -3.0886376281294585)]","[(4.758195663664998, -3.747874588081947)]","[(4.181060537669674, -3.218630877783822)]","[(4.581558708728994, -2.4524822510865985)]","[(4.255028927546101, -3.6452206811481505)]","[(5.320773603547835, -3.7862113911043886)]","[(3.59285579869461, -2.766398664779427)]","[(4.141449519805925, -1.9543382143283328)]","[(4.735659683966211, -1.8373276129353906)]","[(5.242310478221363, -2.9610269771196855)]","[(4.070425434577568, -2.947715790486927)]","(5.600000000000001, -1.9000000000000004)"
"(6.449999999999999, 1.8500000000000014)","[(-7.084985428422177, -0.5145882979223045)]","[(-6.9388037068831085, 0.1411011081705788)]","[(-7.2213230483419695, -0.45004581532506693)]","[(-7.314871402073105, -0.8226578464456711)]","[(-7.175152914464711, -0.27514095251458254)]","[(-7.19029071068213, -0.3267994373247195)]","[(-6.4209528776405795, -0.49141951148201857)]","[(-7.228334467639826, -0.08193383449646874)]","[(-6.817444657062022, -0.4304350511180642)]","[(-7.081319293299544, -0.200819778741667)]","[(-7.572441585659569, -0.8578881755934793)]","[(-7.330407118292685, -0.2972528433503192)]","[(-7.208596117819012, -0.6582267535637547)]","[(-6.5321581202936265, 0.6436919071448572)]","[(-6.027128756869943, -0.37383949742576955)]","[(-7.337873022551979, -0.36896837833972707)]","[(-6.847535471125037, -0.6231558920360766)]","[(-7.26304828459027, -0.3142774983387174)]","[(-6.214322748068179, -1.4248941509335278)]","[(-7.256480942398651, -0.4446810735194331)]","(-6.75, 1.3000000000000007)"
"(3.4000000000000004, -1.3499999999999996)","[(-5.892198870357553, -1.8385226678097897)]","[(-5.85545718821859, -2.7059076962250455)]","[(-5.924082180317863, -1.4751465400354926)]","[(-5.850639997668875, -1.8866746297454169)]","[(-5.719310214432866, -1.1399830183828858)]","[(-5.521059738766828, -2.0933534218232768)]","[(-5.642809836288861, -2.300225506833878)]","[(-4.6175758820763875, -1.6558245907755207)]","[(-5.892198870357553, -1.8385226678097897)]","[(-5.613729956451655, -1.7871495103460517)]","[(-5.53918379589606, -1.6873172493714295)]","[(-5.9277738471579555, -2.1092033895540956)]","[(-5.403020530334615, -1.9013955958419468)]","[(-5.3367122941855545, -2.825618210167627)]","[(-6.0047075520886946, -1.8712379571458535)]","[(-5.897539448553977, -1.396835035567107)]","[(-5.683279271043731, -1.9571725816059866)]","[(-5.756655314489047, -1.442406215592193)]","[(-6.186882761699659, -1.9196942274772117)]","[(-5.66993777302204, -2.3998800547059282)]","(-6.1, -2.8499999999999996)"
"(-3.6499999999999995, -4.05)","[(-3.7462801451470793, -3.8516441653496933)]","[(-4.220381781511731, -4.5975004714536)]","[(-5.092580378434144, -3.709709027123911)]","[(-3.8061752953930212, -3.962223941293157)]","[(-4.7826847184031465, -4.113315319178037)]","[(-4.174068086005426, -4.182889476093518)]","[(-4.518467226204362, -4.424017424012581)]","[(-3.7177440017574854, -4.8015598430400654)]","[(-3.616932658113826, -4.4597629546826045)]","[(-4.113281017824831, -5.028184911007776)]","[(-4.245909271524394, -5.624271920732519)]","[(-3.9886491225094223, -5.574948123093636)]","[(-4.51069747732285, -4.472586849167101)]","[(-3.6137649302929393, -4.601336871171793)]","[(-5.332694914942836, -4.912282131255129)]","[(-5.052017935628825, -4.2766365906306145)]","[(-4.572107142494182, -4.639280863635383)]","[(-4.761606474223099, -4.760202062625999)]","[(-4.761378243532501, -4.488743728653252)]","[(-4.909126063237737, -3.9977708743216587)]","(-5.6499999999999995, -4.699999999999999)"
"(-2.3, -4.6499999999999995)","[(5.484991255954666, 0.5581535187173259)]","[(7.180627186493951, -0.42471605394149015)]","[(6.63143689605618, 0.6926178890799906)]","[(6.738604633120713, -0.5245958586683734)]","[(6.687102889613918, 0.17499390467046325)]","[(6.193668927339056, 0.10863237486937194)]","[(6.7959874205139625, -0.07349311887488003)]","[(5.652496673018341, -0.41208331089123984)]","[(7.091674485362079, 1.0402778999519164)]","[(7.148646294582771, -0.15532423551969937)]","[(5.949588268566212, 0.2453199464430506)]","[(6.639990145303494, -0.3963372277442202)]","[(5.64225021129444, -0.22463742172224566)]","[(7.0638726009701935, 0.5321854216341757)]","[(6.828201701591481, -0.40763830452406014)]","[(5.7405216025917305, -0.07199790258542799)]","[(6.014261093171036, -0.8021001039900608)]","[(6.699654124994943, -0.12394988232651033)]","[(5.314346899220371, -0.39931898256680964)]","[(6.940222359161266, -0.3401126995050042)]","(5.050000000000001, -0.8499999999999996)"
"(2.8500000000000014, -1.5)","[(-4.896479364126107, -2.944418078519421)]","[(-5.8304858174994925, -2.20430760251365)]","[(-5.632152634044634, -2.4982190360495498)]","[(-6.512581178234097, -2.0820666541100428)]","[(-6.472182287221396, -3.241478756657865)]","[(-6.370748190449888, -2.607445328869754)]","[(-6.309386873327606, -2.705386522760286)]","[(-5.947628711460393, -2.60798906927027)]","[(-5.985229455933846, -3.6835109961885646)]","[(-5.520137036654605, -2.072003394959105)]","[(-6.622538822697661, -2.923256452291756)]","[(-5.000062296398129, -3.239111640041531)]","[(-5.5428966536759425, -2.293321220302113)]","[(-6.195308713058387, -3.0145433829503676)]","[(-5.796743334302751, -2.551923479471192)]","[(-5.926707617826574, -2.575499366601954)]","[(-5.1780500736348465, -2.314409169239678)]","[(-5.665438927071296, -2.488167550160621)]","[(-6.320009402709405, -2.6131864543689987)]","[(-5.3082368482126405, -3.3061582064937136)]","(-6.75, -3.6999999999999993)"
"(3.1500000000000004, -2.3999999999999995)","[(5.718052951303615, -4.975495444372585)]","[(6.280310170166181, -5.498453496926009)]","[(6.304793248786663, -5.711699253443297)]","[(6.07401569047431, -6.121813784851458)]","[(6.084117033138286, -5.927159150289794)]","[(7.0954775496458655, -5.506465445354809)]","[(5.965891880956368, -5.415783543694147)]","[(5.964634439410729, -5.690452530676594)]","[(6.770781296251133, -5.616712403219516)]","[(5.95047376934169, -5.851536314210267)]","[(5.989476278708663, -5.660436119479694)]","[(6.713124487770694, -5.3821146156380095)]","[(5.729850266540682, -5.731105780792915)]","[(5.133864530064667, -5.632917867288674)]","[(6.396445335560551, -5.7771150459690555)]","[(5.706154528862038, -5.68092560070206)]","[(5.860029386783601, -5.546367006893758)]","[(5.757034734922023, -6.492279493873962)]","[(4.81988045642898, -5.219197083533665)]","[(5.408101373995918, -5.946545650714751)]","(6.699999999999999, -4.05)"
"(-6.05, -0.049999999999998934)","[(-7.430908081398045, -6.634382911107209)]","[(-6.70439926689248, -5.822039332607435)]","[(-6.594782533753113, -6.04829740835061)]","[(-6.341578438892743, -5.822834997567787)]","[(-7.009176208307977, -7.223974844423962)]","[(-6.043056092374093, -5.64315323758699)]","[(-6.064726619428065, -6.949836928498192)]","[(-6.991488257537727, -5.6246468060902926)]","[(-6.941757038929504, -5.9604375916364996)]","[(-7.152525642559458, -7.256864560788224)]","[(-6.293332905658237, -5.037919251809787)]","[(-6.792057603936541, -5.707068230051396)]","[(-6.449360407976862, -5.5153189524775295)]","[(-6.403235004090636, -6.7559328535215375)]","[(-7.776618027057427, -5.91868313777652)]","[(-6.588285203228667, -7.591589144602276)]","[(-6.884908373529831, -7.013883570377619)]","[(-6.322735772643134, -6.608181891445259)]","[(-6.604413439176807, -5.760554499519928)]","[(-6.130190916413627, -5.546103177042143)]","(-6.5, -5.6499999999999995)"
"(5.350000000000001, -3.25)","[(-0.20485900233792675, -3.452556732939362)]","[(0.3538364923232519, -2.638887936501955)]","[(-0.01348461529560907, -2.2961005397732834)]","[(0.8544635667537478, -2.075811881393169)]","[(0.5011570792911336, -2.0212569962128857)]","[(1.0113083505966496, -2.5222461488510386)]","[(1.1847333066425292, -2.1774170948299045)]","[(0.9460663322127011, -2.2276057353030527)]","[(0.4792047333478157, -2.774754944211198)]","[(0.7286835305244577, -2.0889621149537603)]","[(0.9945894405804754, -2.6274686136684715)]","[(0.7659370940969151, -2.7386453022882855)]","[(0.9481331414019043, -2.9560077845552564)]","[(0.5339035654584352, -2.3031070868434216)]","[(0.22306097797581387, -1.5524570728020652)]","[(-0.3040759182847913, -3.1357737168535293)]","[(1.2138482335761707, -3.1888771283483464)]","[(0.898646660627034, -1.7940004991055019)]","[(0.24301796630069, -2.151006460334415)]","[(0.07748412354988882, -2.557694935159488)]","(-0.34999999999999964, -1.549999999999999)"
"(-6.199999999999999, -4.1)","[(0.8611298806884488, -2.1295858969547923)]","[(1.159717362062747, -2.4644479836351048)]","[(0.6053398047997876, -3.441665862340257)]","[(1.572599340507725, -1.3742738439270776)]","[(1.3097568738434195, -1.6481526171429468)]","[(1.1788030223534558, -1.6200440570033898)]","[(1.8886123587810244, -2.5056750603309235)]","[(1.0637091189062178, -2.6567861082889266)]","[(1.392479875809635, -2.5217348453853905)]","[(1.5564926519587563, -2.2735504187910194)]","[(0.8525881100861614, -1.857180362637461)]","[(1.380491100126211, -0.7283755597553907)]","[(1.1963966492667797, -1.9113820509477597)]","[(0.9481896004620107, -2.3696597284421514)]","[(1.463109792619378, -2.314208473242851)]","[(0.09488629201486853, -2.5034682645506825)]","[(0.35977718740590503, -1.7564182417023406)]","[(1.1853640755080708, -1.5437708786893702)]","[(0.5052388302855664, -1.1372938681622196)]","[(1.077426044821363, -1.6453297963000517)]","(0.8000000000000007, -3.4499999999999993)"
"(3.3000000000000007, -2.5)","[(1.71815716508715, -2.1793043816171007)]","[(2.448108821995076, -2.0796076091371316)]","[(1.8619576613627173, -1.8970443512893582)]","[(2.124595663158071, -1.77128241455937)]","[(2.0303495822400137, -2.5494323672600965)]","[(1.2812958862832642, -2.338188315098075)]","[(1.4032065421383373, -2.302004408236338)]","[(2.6549165749316823, -3.245287920542547)]","[(2.5620672783305016, -2.400584414791381)]","[(2.496711128850456, -2.2626087557192545)]","[(1.7171584191243037, -2.4321491892714073)]","[(2.599529728357872, -2.1237361219362465)]","[(2.364073231074709, -2.6481898853536974)]","[(2.514750917493201, -2.21589303529058)]","[(2.365766781504469, -2.1472220932557073)]","[(2.517700665653643, -2.224026760786266)]","[(2.517700665653643, -2.224026760786266)]","[(2.2726174387910416, -1.5518617864736468)]","[(1.622050449793261, -2.229125937030519)]","[(2.1097069067352057, -2.24991717922506)]","(0.6000000000000014, -2.0)"
"(-2.1999999999999993, -2.6999999999999993)","[(4.857579036696642, -0.5500649716740218)]","[(4.408886841434029, -1.218243589475025)]","[(5.521108619158997, -0.3852791255812488)]","[(4.595241912146457, -1.0342821976830092)]","[(4.8626024899729625, -0.14236653548810424)]","[(5.021657146901102, -0.15837790070674057)]","[(5.579682041783643, 0.1607647453726732)]","[(5.050905553490775, 0.01255325907468563)]","[(5.434787546364445, -1.4586917083956268)]","[(4.776423753348247, -0.824155888407686)]","[(4.749581956166026, -0.6852682960550209)]","[(5.254569687042028, -0.49594393722879615)]","[(6.005290587162566, -0.501095276611296)]","[(5.2100370325026235, -0.0094869398804871)]","[(4.447623427324045, -0.5380847553729885)]","[(4.645957970753233, -0.4271788543825404)]","[(5.015179924868035, -0.44018934947831584)]","[(4.931062794656215, -0.8616631977938923)]","[(4.113772245964199, -0.4700557368836803)]","[(4.419445838028556, -1.0629877320725312)]","(5.550000000000001, 1.3500000000000014)"
"(-1.299999999999999, -3.3)","[(7.820427269376027, 2.428885772522979)]","[(8.518467174487604, 2.8109665103428148)]","[(8.46333725527937, 1.6885869703099856)]","[(7.2232856984839815, 2.25749133212594)]","[(7.772569570331474, 2.885242421149965)]","[(8.08496152810573, 2.7193566972034864)]","[(8.58016192421374, 2.510862001453674)]","[(8.61426125315362, 3.031533147390948)]","[(8.493585373880103, 2.812284351334003)]","[(8.190205166619792, 2.009480391695442)]","[(8.274058822982731, 3.0651120605690263)]","[(8.4297202449483, 2.4418324286182105)]","[(8.674990331850907, 2.2268095118399365)]","[(7.660008978605544, 3.2137637910754338)]","[(8.81183106635055, 2.7059222601119557)]","[(8.924201093839763, 3.332637311959774)]","[(8.125159627127838, 2.5853858761160904)]","[(8.370135859041206, 2.769825473072707)]","[(8.597496494009421, 2.498797309536713)]","[(7.0448441050657165, 2.9786918591005165)]","(6.800000000000001, 2.6500000000000004)"
"(-0.5999999999999996, -3.25)","[(0.08238975983274163, -6.936981954177612)]","[(-0.7364330961539235, -6.767477711213571)]","[(-0.3823778325690884, -6.519884806268206)]","[(-0.26094845672678624, -7.012159072347827)]","[(0.23414817669304208, -5.764796923541173)]","[(0.36690480266764464, -6.5920071645957705)]","[(0.9783234797350366, -7.415208111270918)]","[(1.3897278099645607, -6.964450986929189)]","[(0.8575310509478613, -7.09494507005422)]","[(0.38139408224847837, -7.330223516814854)]","[(0.3430766522970292, -6.643470769052154)]","[(0.048442472255602914, -6.5725031067380995)]","[(1.133700855737806, -6.564978804353498)]","[(0.3294562802958205, -6.501346912877697)]","[(0.41920757504200723, -7.32383499097402)]","[(0.24158044356921776, -7.206115584578927)]","[(-0.005716001371654844, -6.887253224246654)]","[(0.21197273575013356, -5.907848384742886)]","[(0.9626927466351152, -7.0318819169891515)]","[(0.5458490582795811, -6.9420028194796615)]","(1.700000000000001, -5.75)"
"(-6.6, -1.5)","[(-5.6729631214055365, -5.242584809512502)]","[(-4.524435900755206, -5.607091667507469)]","[(-5.285307783296236, -5.261369010025383)]","[(-4.067673017517963, -6.551856091250918)]","[(-5.148464671215717, -5.5467683421753184)]","[(-4.912348152801823, -5.639024722637461)]","[(-4.0925725095622205, -6.250708025452124)]","[(-4.533203922277085, -5.397742255553364)]","[(-5.416403778664961, -4.775338859023851)]","[(-3.921667807579029, -6.029977569619665)]","[(-5.123429735653766, -4.841040528947852)]","[(-5.569154611000072, -5.911167358307219)]","[(-4.687429278643891, -6.171996724953534)]","[(-4.132297357431922, -5.358801402717359)]","[(-4.342848921914506, -6.558130602216501)]","[(-5.378912657207197, -6.317601572174334)]","[(-5.119557514721303, -6.246760920421687)]","[(-5.214525987991156, -4.958167069915783)]","[(-4.749676244662632, -5.59733955862502)]","[(-4.953444721481998, -6.116432298018153)]","(-5.3999999999999995, -3.8499999999999996)"
"(-5.85, 2.9000000000000004)","[(-1.882207484398684, -2.6457070692692226)]","[(-2.510965803795841, -3.219423001362831)]","[(-1.7169559151873313, -2.482975863312918)]","[(-1.9978311314620694, -3.38187255395132)]","[(-3.1301441016838725, -2.906665783953813)]","[(-2.203625043569015, -3.4100623753809196)]","[(-2.0707561526979616, -3.0626381479620597)]","[(-2.307965055061532, -3.251970599319899)]","[(-1.2453126495819713, -4.034730860934289)]","[(-1.3416727803743556, -3.587417863988516)]","[(-1.4879772552666692, -2.3874885507244255)]","[(-1.5680018278772898, -3.2376761144308213)]","[(-1.6673047489316726, -2.7929205432364834)]","[(-1.342239469448464, -3.352772642340732)]","[(-2.708581544555801, -3.31143416769568)]","[(-1.1992393779449957, -4.27792011046661)]","[(-2.177018348055512, -3.3563705425128356)]","[(-2.723675893431291, -3.6458963600092194)]","[(-0.3114614340844679, -2.645978632133801)]","[(-1.2448731274535523, -3.3630873975275573)]","(-2.8, -4.199999999999999)"
"(-0.7999999999999989, -0.9499999999999993)","[(6.121849950075969, -2.1989773471695777)]","[(6.228957493224719, -2.0565401583274343)]","[(6.5564057824579045, -1.9405899115052563)]","[(6.381826392165813, -1.557816089387817)]","[(7.137432012182494, -1.0175126251863078)]","[(5.553990454574013, -1.1340487743253562)]","[(6.567410555771687, -1.955202070449587)]","[(6.184584351307108, -0.6546985924687709)]","[(5.906502901415659, -1.262102039561925)]","[(5.8551595934901615, -1.5608485118766162)]","[(6.242684813073807, -1.545850123008491)]","[(6.023163076809245, -2.2115493743774803)]","[(6.269856656701935, -1.0843395825991902)]","[(6.110020836856449, -2.8084939014291326)]","[(5.826492245523078, -1.7055102062141876)]","[(5.567007515919046, -0.8893053531247836)]","[(6.3399732225244225, -1.8673998396263276)]","[(5.973150542222363, -1.4575025814684306)]","[(6.332057643416891, -1.0901153484664212)]","[(5.827799480083545, -1.7126655014258585)]","(6.25, -2.8499999999999996)"
"(-6.55, -5.1499999999999995)","[(4.234257150488236, -4.952901977547195)]","[(3.6503552053487387, -3.1521555553922576)]","[(3.475906729368522, -4.266559028422572)]","[(3.473701883988987, -3.6204961855954765)]","[(4.296562016324646, -3.5591300884498978)]","[(3.7564845840173797, -3.5577863746873026)]","[(3.5668463520928277, -3.4313630048643713)]","[(3.902041815213118, -4.120969147515048)]","[(3.9883361978206735, -4.543616811296541)]","[(4.51245680598346, -3.799825535393074)]","[(3.519608645927902, -3.5815723292363333)]","[(3.9430553326291995, -3.9817589747698614)]","[(3.3796851468878857, -3.199683073616665)]","[(4.794075385495565, -3.104957401287193)]","[(3.6393696317441493, -4.000575094558808)]","[(4.155655517674809, -3.8724754502093273)]","[(3.8479016486411064, -3.85304678490381)]","[(3.4705671949814874, -3.9443747712257817)]","[(3.71921370404692, -3.7740103636498166)]","[(3.737224417153966, -3.9649629180178327)]","(3.5, -4.75)"
"(7.100000000000001, -3.3499999999999996)","[(6.691049417419761, -3.602004160101942)]","[(8.201082757671118, -3.2758395997664036)]","[(6.9958654909853895, -2.462253925782655)]","[(8.26048336762598, -2.2207681704379807)]","[(7.176378441469163, -1.8986580843705283)]","[(7.0379711202530375, -3.3387731951689315)]","[(8.027523686739524, -2.5278140090236265)]","[(7.261768308005955, -2.275856106850158)]","[(7.056199622240697, -2.665236315779053)]","[(7.1814702210158305, -2.4031570708630987)]","[(7.798735256632271, -3.6514170417378624)]","[(7.047900145161703, -2.3043157770568636)]","[(7.858825335543886, -2.4157210220366756)]","[(8.102913593702295, -2.0541951843262742)]","[(6.950415632457911, -2.905826721088206)]","[(6.933464829085059, -2.7087311025108605)]","[(6.862361737709375, -3.4580756838598408)]","[(7.6584717281285615, -3.436002941524165)]","[(6.958693962915702, -3.703704047137667)]","[(7.484182364680583, -3.1415366047968534)]","(7.150000000000002, -4.0)"
"(6.900000000000002, -2.6499999999999995)","[(6.267541553507949, 4.560378321331895)]","[(5.4359919683899065, 4.431141570794434)]","[(6.83242718907195, 5.103121618274448)]","[(6.161030957906864, 3.419273612870903)]","[(6.43853678890553, 3.6927972307046306)]","[(6.636437258371841, 2.8725484825049303)]","[(6.99619739405736, 3.0647688967162865)]","[(6.759714008458478, 3.537687899539087)]","[(6.290497531568667, 4.16776465792174)]","[(6.127060095821159, 3.3386687191506965)]","[(5.960861211223378, 3.148149356777432)]","[(6.324915736938894, 3.7973562820033413)]","[(6.078785116479546, 3.620256431481686)]","[(6.05039887926891, 3.735501651745592)]","[(6.3235510502397405, 3.944206856600064)]","[(5.842326128510584, 3.2125637153977955)]","[(5.7427333101751445, 4.228662469538271)]","[(6.921684859455827, 2.8404818846568443)]","[(6.764291874054346, 3.7328986541903917)]","[(7.060975296421758, 3.2538274355594465)]","(6.100000000000001, 2.3500000000000014)"
"(-0.09999999999999964, -1.5)","[(-1.2013841982534392, -6.219032069633972)]","[(-0.9932645765741194, -5.237246806068709)]","[(-0.925135524937851, -5.315783527128809)]","[(-1.2243606202062591, -4.911033101663316)]","[(0.020034210177494016, -5.216818151279022)]","[(0.062284434351979334, -5.287129280093908)]","[(0.22803512997287045, -4.927137563085514)]","[(-0.22199118486894365, -4.7956691420597295)]","[(-0.177566031703482, -4.157885337871784)]","[(0.09486780865235367, -5.421229301999479)]","[(0.40010100644895763, -5.315872325542113)]","[(-0.7758700885351835, -4.697323746396195)]","[(-1.265465069441527, -5.093483367308731)]","[(-0.6659011184291335, -5.70224880536808)]","[(-0.042915685017291094, -5.405805578563698)]","[(-0.10842855300545534, -5.117182029984825)]","[(-0.2642345708565216, -5.766021269604854)]","[(-0.08966894446402174, -4.999458522125065)]","[(-0.8072518370767073, -4.978996439730125)]","[(-0.22730737351581512, -5.527760367716012)]","(-0.5999999999999996, -3.9499999999999993)"
"(-2.0999999999999996, -2.1999999999999993)","[(3.654618861264654, -4.695273335959947)]","[(3.5426211835324612, -5.364756260821688)]","[(3.5295222784593836, -5.738980011845604)]","[(4.954553958969065, -5.145580328016193)]","[(3.9132842359634945, -5.71395508068022)]","[(2.8634390528085607, -6.2346547991939705)]","[(4.100654783618382, -4.695411423869675)]","[(3.510088120947376, -5.532805951889635)]","[(3.412697680155327, -5.649915229531057)]","[(3.509013742359468, -5.479395596435779)]","[(2.781290444127989, -4.911227083596887)]","[(4.108943262187869, -5.501919929794898)]","[(4.67198775090077, -5.06151200720052)]","[(3.8590253535505026, -6.216206284530663)]","[(3.1068166843356524, -4.763482818779855)]","[(3.547189521421092, -5.143570292522363)]","[(4.086282135833256, -4.393409645617851)]","[(3.7126208913745744, -4.662845431313517)]","[(4.493952021219324, -5.102510421184268)]","[(4.561549712486927, -4.819477159061411)]","(4.75, -4.449999999999999)"
