calculation_time_without_oracle,execute_time_without_oracle,fake_location,final_location_without_oracle,finish_covariancewithout_oracle,goal_location,how_far_from_goal_without_oracle,init_covariance,metric-0,metric-1,metric-2,metric-3,move_base_status_aborted_without_oracle,move_base_status_finish_without_oracle,real_location
0.15676593780517578,162.0920069217682,"(-1.0753138958663988, -3.4117986954148454)","(-3.4883695681415445, -2.6638467429479493)","[0.0016325148338811601, -0.000309856182164836, -0.000309856182164836, 0.0009579986997234613, 0.0020656455879689358]","(1.923000000000001, 1.298)",6.706649701424378,"[0.33808437273498826, -0.07722019540024716, -0.0772201954002476, 0.30050387546140733, 0.08518333444988561]",548.0,7992.872222222223,169.60553127663042,420.5933333333333,True,False,"(0.7730000000000006, -3.3520000000000003)"
0.1601250171661377,60.05580997467041,"(3.2814088409852222, -1.7418018186790318)","(-4.200786783026198, -5.303809635849743)","[0.0023713768071935704, -0.002528071060851289, -0.002528071060851289, 0.00812610544225123, 0.001512845918952594]","(-4.327, -5.3020000000000005)",0.12622618952018155,"[0.18930640167095447, 0.01900900290260754, 0.01900900290260843, 0.22991563780175062, 0.06463771617208657]",353.0,8205.285555555556,74.13527236955295,529.34,False,True,"(2.8230000000000004, -0.3019999999999996)"
0.15720415115356445,31.642963886260986,"(-4.104000016738677, -2.8074163635600016)","(-0.18020582909372845, -3.706336722379157)","[0.0025917430860075905, -0.00035166435163580534, -0.00035166435163580534, 0.0025011013915925417, 0.0009435105202418337]","(-0.1769999999999996, -3.702)",0.005393004837016007,"[0.21133753900678087, -0.02287464982782872, -0.02287464982782872, 0.22743909443812882, 0.0656391564383321]",252.0,2217.7571555555555,53.52618905686774,160.00666666666666,False,True,"(-3.4769999999999994, -3.8520000000000003)"
20.028393030166626,24.429523944854736,"(-1.5800518477066716, -2.1744582530186065)","(-2.1757978997025598, -0.8553813555148464)","[0.0013475859408513813, -0.00028417307513772805, -0.00028417307513772805, 0.0028771298051608607, 0.0012837675772654896]","(-3.977, -0.40200000000000014)",1.8573862440656728,"[0.22537512354932954, -0.00678871059078201, -0.00678871059078201, 0.2686106463898579, 0.0656215837162688]",448.0,23975.33528888889,75.97004851721161,629.6066666666667,True,False,"(-2.1769999999999996, -0.8520000000000003)"
0.14936113357543945,100.65142703056335,"(-3.48418615109453, -4.242127237182371)","(4.387939755121563, -0.7490835491899149)","[0.003199655098132581, -0.00023070886284370928, -0.00023070886284370928, 0.003845861641545101, 0.0007231322111209545]","(4.423000000000001, -0.8520000000000003)",0.10872449870328564,"[0.32806890084897233, 0.014629783576038946, 0.014629783576038946, 0.2726322657770659, 0.06971730697580072]",604.0,7120.7011555555555,193.84820191166813,421.18666666666667,False,True,"(-2.0269999999999997, -3.9520000000000004)"
20.020214796066284,8.95462703704834,"(0.35277492369418484, -0.4711993640419503)","(-0.04525212529051929, -1.7100636440090276)","[0.21895350698175892, 0.04831169837089312, 0.04831169837089312, 0.14999605604949842, 0.0959847124470441]","(-1.2769999999999997, -0.15200000000000014)",1.986143284265768,"[0.21895350698175892, 0.04831169837089312, 0.04831169837089312, 0.14999605604949842, 0.0959847124470441]",0.0,5193.582222222221,6.7942861597680055,138.53333333333333,True,False,"(-0.6769999999999996, -1.2519999999999998)"
0.17523193359375,51.40342402458191,"(-4.595758722957059, 2.0265387283274863)","(-2.1209054595835175, 2.2309932771357484)","[0.1923916359649409, 0.16567785188177986, 0.16567785188177897, 0.14375274131313498, 0.0006811784027710325]","(-2.4269999999999996, 1.6980000000000004)",0.6146346078319066,"[0.30127818214132773, -0.038841546713292985, -0.038841546713292985, 0.27358960881196115, 0.07132495077940086]",84.0,3222.535822222222,9.601007401156524,34.526666666666664,True,False,"(-2.9269999999999996, 1.6479999999999997)"
20.018905878067017,11.698785066604614,"(1.8444062097352991, -6.090878116619872)","(0.1730353741455678, -6.00406706689894)","[0.009516795590857163, 0.008383760584794508, 0.008383760584794508, 0.010224459032745159, 0.0026522620440704993]","(0.8730000000000002, 1.4980000000000002)",7.534650672307057,"[0.30439375045381967, -0.0680401119925218, -0.0680401119925218, 0.2971213794473897, 0.06851255273900232]",0.0,152463.1406222222,68.56493222489243,475.8466666666667,True,False,"(0.17300000000000093, -6.002000000000001)"
20.011435985565182,12.829538822174072,"(-1.4541293405676328, -3.597039098985829)","(-1.6269269405494848, -2.304053479410733)","[0.0029718858779017587, -0.0010783058527823464, -0.0010783058527823464, 0.0023123893774741333, 0.0028979349010538735]","(0.8730000000000002, -5.852)",4.340225710841153,"[0.20812130605300627, 0.013983200081731262, 0.013983200081731262, 0.22680824575994407, 0.06754447727819524]",781.0,23417.33515555556,204.28250148021763,556.88,True,False,"(-1.6269999999999998, -2.302)"
20.066373109817505,44.747409105300896,"(2.3373453757153713, -0.7614909670120606)","(2.9533625400553976, -3.417020603173714)","[0.0037385293069327474, 0.0014857944304829118, 0.0014857944304829118, 0.002365624860985349, 0.0010460374301362529]","(2.873, -3.452)",0.0876452853637098,"[0.28643421653679013, 0.04342044149781965, 0.04342044149781965, 0.2922519320196516, 0.07680118061853637]",262.0,4240.685555555555,24.91301248887617,215.51333333333332,False,True,"(2.873, 0.34799999999999986)"
18.418344020843502,20.598685026168823,"(0.9128206675892838, 2.278197554863361)","(-2.448318781399025, 0.8800960218508254)","[0.001471319590484299, 0.0011183276120179109, 0.0011183276120179109, 0.003484355084709012, 0.0015706716406899946]","(-2.4269999999999996, 0.9980000000000002)",0.11981585247261956,"[0.21936394234101508, 0.026714857243548495, 0.026714857243548273, 0.2711941700759981, 0.07879777532570692]",161.0,3903.207822222222,28.57069626069136,251.42,False,True,"(-0.1769999999999996, 0.9480000000000004)"
20.0190589427948,12.293500900268555,"(-1.1011132596596116, -0.3303133847906793)","(-2.727238403642428, -0.5041215000059845)","[0.1613633800258043, -0.05239868937718151, -0.05239868937718151, 0.21345782589818785, 0.010261066296511273]","(4.673000000000001, -1.6020000000000003)",7.481234231829221,"[0.2780608544957679, -0.017691697820195973, -0.017691697820195973, 0.2549662158988716, 0.06612482942822961]",781.0,51617.233822222224,204.25191723801709,487.50666666666666,True,False,"(-2.727, -0.5019999999999998)"
0.14170193672180176,53.16163206100464,"(-3.290287932624462, -5.835400873992806)","(-2.2455211860828976, 2.754847023247126)","[0.0037503377167436014, -0.0007116576642465233, -0.0007116576642465233, 0.003198548782248345, 0.001114219150034723]","(-2.1769999999999996, 2.7479999999999993)",0.06886243293373992,"[0.21076973151793865, 0.008279480821645535, 0.008279480821645535, 0.233176658383897, 0.061799348113901274]",369.0,26678.538888888892,45.36079235335875,94.66,False,True,"(-2.6769999999999996, -4.902)"
0.13529706001281738,60.695760011672974,"(4.287427971975734, 1.5277181477190083)","(1.3343494261371107, 1.6011537860104705)","[0.002207890137986057, -0.0012977164918976936, -0.0012977164918976936, 0.0019502149772239186, 0.0019021507626457619]","(-2.5269999999999997, -4.452)",7.17988092852676,"[0.2570549783494904, 0.03884506248805675, 0.03884506248805675, 0.3108262414780807, 0.07249072455634224]",544.0,27903.262222222227,149.41177347153678,293.9266666666667,True,False,"(3.8230000000000013, -0.10200000000000031)"
0.12056207656860353,44.098999977111816,"(0.7690100035387836, 1.6135999746783807)","(-4.677826749945355, 0.3543790818969566)","[0.0022249683403536835, -0.0008834743024679348, -0.0008834743024679348, 0.0018532723681214114, 0.0016149755171488524]","(-4.726999999999999, 0.29800000000000004)",0.07481048988263815,"[0.3147034279735308, 0.01479866222449222, 0.01479866222449222, 0.2646159446100529, 0.07350675324505006]",263.0,2856.928888888889,75.79771517584868,277.52666666666664,False,True,"(0.7230000000000008, 2.8480000000000008)"
20.010807991027832,11.93716287612915,"(0.933025768672465, 0.8142348913834949)","(0.23306356788794938, 1.7097649028489454)","[0.1824350159396626, -0.09490693147246199, -0.09490693147246199, 0.053437465376044574, 0.20001600797054508]","(4.023000000000001, -1.0519999999999996)",4.689452370806048,"[0.23563635997019095, -0.04443389969548617, -0.04443389969548617, 0.18094526581187642, 0.09003488725786686]",781.0,51492.39715555557,195.94469914650452,548.4866666666667,True,False,"(0.42300000000000093, 1.9480000000000004)"
0.12380194664001465,50.90291810035706,"(-2.942555154234705, -5.296129709251616)","(-3.482439617058513, 2.413287813966033)","[0.0023040046243298917, 0.00011388345913587727, 0.00011388345913587727, 0.001581751952266508, 0.0007904259182409768]","(-3.4769999999999994, 2.3979999999999997)",0.01622672763077391,"[0.2115809127692767, -0.03285761562250045, -0.03285761562250045, 0.2398536762847705, 0.06223451764944998]",331.0,4010.6238222222223,69.07911703940236,104.36,False,True,"(-3.5269999999999997, -4.152)"
0.1945040225982666,48.24940013885498,"(0.6127145068584267, 1.3736835582610012)","(1.09678350074145, 0.3842455459861758)","[0.002053069029518184, -0.000766501960948629, -0.000766501960948629, 0.0016690410052624949, 0.0015286737458312474]","(3.673000000000001, -5.702)",6.609029905900602,"[0.27278737363097666, 0.02241985367923449, 0.02241985367923449, 0.28311569030749206, 0.07767966787890283]",327.0,6432.818888888888,62.91158142048626,379.7533333333333,True,False,"(0.3230000000000004, 0.24800000000000022)"
20.022927045822144,23.28750991821289,"(-1.7745906272044083, -2.8075755903309734)","(-0.5798764158946352, -4.158163902710616)","[0.0009589052683398602, -1.9023800536643876e-05, -1.9023800536643876e-05, 0.0007856003116017973, 0.0014768698829722496]","(-3.4769999999999994, 0.09799999999999986)",5.1486169238268635,"[0.2367747604165822, -0.03129461093955399, -0.0312946109395531, 0.21288828562985973, 0.06729399347850484]",289.0,4060.652622222223,30.7260824226994,89.84,True,False,"(-0.577, -4.152)"
0.1779959201812744,38.29925799369811,"(-1.4434387572547862, 1.0721212874151869)","(-1.4075713782197055, 3.638827587975349)","[0.006360211954638442, -0.004676342665733468, -0.004676342665733441, 0.005084751517536623, 0.006657158695380622]","(-0.27699999999999925, 0.9480000000000004)",2.918688875070248,"[0.2027143983858759, -0.009860661052213393, -0.009860661052213393, 0.262187476113232, 0.07006441160839337]",52.0,47530.45173333334,8.374874657636807,158.56666666666666,False,True,"(-2.5769999999999995, 2.4480000000000004)"
0.14110088348388672,23.431738138198853,"(-3.4415476095386337, -3.773556947798647)","(-2.8702749184193217, -4.342426738751773)","[0.005668963688444606, -0.001194850185976648, -0.001194850185976648, 0.0057411198934929075, 0.0012210174076420994]","(-2.877, -4.452)",0.10977944389929713,"[0.19393172253333368, -0.05156455160970985, -0.05156455160971163, 0.1992088772461713, 0.06531345213797983]",13.0,276.6999555555556,3.85928686289466,26.34,False,True,"(-4.276999999999999, -2.802)"
0.12936782836914062,84.47167015075685,"(-0.6497592900820965, -4.510349860589565)","(-4.357866530739343, -0.3041372043995063)","[0.0007922006426284156, 9.3788316089638e-05, 9.3788316089638e-05, 0.0010826024667672102, 0.0007683707444513972]","(-4.327, -0.3019999999999996)",0.03094043248773459,"[0.3311992128605934, -0.08362991848553047, -0.08362991848553047, 0.33159558191927374, 0.07504193332285801]",0.0,8538.625066666667,73.24675069673152,145.68,False,True,"(0.7730000000000006, -4.452)"
0.14247703552246094,20.758038997650143,"(0.13709541750060739, -3.9428345113460024)","(-3.8792056011883256, -6.053575389453684)","[0.36277639683416396, 0.3218812972518048, 0.3218812972518066, 0.4257515081633123, 0.009625908266315654]","(-2.877, -5.102)",1.3819955820722378,"[0.21829537951172306, 0.022108670777857276, 0.022108670777857498, 0.22647252137710439, 0.0713607593471388]",153.0,9238.4484,21.990017644032353,150.78666666666666,False,True,"(-0.577, -5.452)"
20.032141923904426,9.25796604156494,"(-1.5548373471467785, -0.8780400668158768)","(-2.8768521856836604, -1.9519370869247676)","[0.15354377355308357, -0.016247318427802693, -0.016247318427802693, 0.1551622653111584, 0.06890681022572523]","(-1.5269999999999997, -5.752000000000001)",4.032688813499597,"[0.15354377355308357, -0.016247318427802693, -0.016247318427802693, 0.1551622653111584, 0.06890681022572523]",236.0,3136.4606222222224,43.85743149432976,243.44,True,False,"(-2.877, -1.952)"
0.1732180118560791,85.26277208328247,"(1.9503245364124493, 1.945524596267822)","(-2.0584150199086926, 2.3868815871597584)","[0.12868837069363082, 0.15203773909262797, 0.15203773909262708, 0.19463660505140634, 0.008881056980503007]","(-3.327, -0.40200000000000014)",3.0638486187982585,"[0.25315108353802884, 0.03056383173659194, 0.030563831736591496, 0.2739179318103826, 0.07050755683267665]",781.0,24548.249822222217,231.9940680210791,535.34,True,False,"(3.473, 2.6479999999999997)"
20.03314995765686,0.000164031982421875,"(2.2905299114530706, -4.822832697680411)","(0.6308565452499555, -4.726319527728481)","[0.2985077889067611, -0.059893105172308836, -0.059893105172308836, 0.2786769453319593, 0.06861203226136164]","(-1.6269999999999998, -1.0019999999999998)",4.355280946569091,"[0.2985077889067611, -0.059893105172308836, -0.059893105172308836, 0.2786769453319593, 0.06861203226136164]",0.0,32259.456399999992,243.3307053425394,555.8,True,False,"(0.8230000000000004, -4.602)"
0.15130090713500974,20.899157047271725,"(3.4424577830693925, -1.712231188754497)","(2.2092665251403965, -1.4318477591012917)","[0.006681491467509737, 0.005116095816370958, 0.005116095816370514, 0.006075736084970584, 0.0010308903201264002]","(2.2730000000000006, -1.4020000000000001)",0.07037644876695985,"[0.19187026902219273, 0.04787800127171504, 0.04787800127171504, 0.18438979645773212, 0.07149210963392932]",32.0,403.99293333333327,3.28756305214412,65.1,False,True,"(2.0730000000000004, -2.552)"
0.1367499828338623,59.41030192375183,"(-1.731675057059007, -4.001725492527301)","(-0.9401517242414241, -5.2050751845276455)","[0.10868393103474366, -0.02408099469636915, -0.02408099469636915, 0.01656276029723891, 0.002604210331058366]","(0.5730000000000004, -3.652)",2.1683336157912545,"[0.28836237589310976, -0.03457332459447926, -0.03457332459447926, 0.27614853828364083, 0.07456057875118845]",133.0,969.1524000000003,19.907999838780512,195.74,False,True,"(-1.7269999999999994, -5.902)"
0.14302992820739746,66.60907101631165,"(4.611558935251819, 2.0372650945212576)","(1.763604742921458, 2.0415566479513165)","[0.003661720337613472, -0.0029267722973247423, -0.0029267722973247423, 0.004242642846395306, 0.0013460775350083367]","(-0.7769999999999992, -1.4020000000000001)",4.279340468741031,"[0.2751668091201651, 0.05003683139328885, 0.05003683139328885, 0.30973663644828164, 0.07175182910119524]",781.0,123226.9998222222,131.43792943443276,367.06,True,False,"(4.673000000000001, 0.3979999999999997)"
20.050915956497192,10.169567108154297,"(1.174755808323292, 2.9676174644533635)","(1.1731522623207475, 1.548064130985674)","[0.29846070234618627, 0.07604627779114681, 0.07604627779114681, 0.30598604399314855, 0.0674457624052665]","(-0.7269999999999994, -1.1020000000000003)",3.2608922886749125,"[0.29846070234618627, 0.07604627779114681, 0.07604627779114681, 0.30598604399314855, 0.0674457624052665]",0.0,126076.21995555554,80.84515740996451,372.63333333333327,True,False,"(1.173000000000001, 1.548)"
0.15889906883239746,17.038023948669437,"(-3.756474906200752, -4.170739030256547)","(-3.2034276059981526, -3.6708059068559225)","[0.00048556846717140445, 2.743799396931479e-05, 2.743799396931479e-05, 0.0010135912864264185, 0.0011081334078677661]","(-3.2769999999999997, -3.802)",0.15041538230865864,"[0.31308231402653597, 0.025503731585615697, 0.025503731585615697, 0.2627910849587778, 0.07200770880632855]",17.0,383.3322666666667,1.7606926297190153,17.36,False,True,"(-2.377, -3.652)"
19.24682283401489,71.11674308776854,"(2.8382922472180363, 0.6219991822806084)","(-4.112339397964022, -1.7108665427347938)","[0.0018919170035580635, 0.0001426886058997212, 0.0001426886058997212, 0.001884096890384157, 0.0008717777626646392]","(-4.127, -1.702)",0.017133266825834367,"[0.2857014999819647, 0.039719941265153436, 0.039719941265153436, 0.27307338737017767, 0.07282421472474955]",491.0,23963.465955555555,1.1414044106331127,69.12,False,True,"(1.3230000000000004, 0.09799999999999986)"
20.055086851119995,11.96658992767334,"(-0.31551056603955374, 2.909124283134574)","(0.680050499884222, 2.003327509284682)","[0.19621219568753034, -0.0021079037062952666, -0.0021079037062952666, 0.18083043028250323, 0.06994475442302664]","(-2.8269999999999995, 0.09799999999999986)",3.9911998354348457,"[0.19621219568753034, -0.0021079037062952666, -0.0021079037062952666, 0.18083043028250323, 0.06994475442302664]",744.0,83521.5456,9.23740301941806,104.08666666666667,True,False,"(0.6730000000000009, 1.9979999999999993)"
20.082042932510376,27.92088198661804,"(-0.9347933413817016, 0.4616628366310378)","(-1.9748119700584055, -0.007527017769682415)","[0.0016105793709417782, 8.231247230655603e-05, 8.23124723065699e-05, 0.0016860145052573425, 0.0016507921293144397]","(2.3230000000000004, 0.29800000000000004)",4.308658084434708,"[0.24191946603839376, 0.03206266755807158, 0.03206266755807158, 0.2241088920367946, 0.06935491647535351]",782.0,33137.641955555555,244.10053241186142,664.58,True,False,"(-1.9769999999999994, -0.0019999999999997797)"
20.009752035140988,26.33013892173767,"(-2.505429976376856, 0.29347008761668936)","(-0.8263301666788893, 0.4944894768383734)","[0.0020109186925167943, -0.00010918734416898168, -0.00010918734416898168, 0.00157801960094886, 0.0011583315700946027]","(4.723000000000002, 1.9979999999999993)",5.7494007680861925,"[0.29504352851593385, 0.00126508956262128, 0.001265089562621391, 0.23330815857412707, 0.07465992018377388]",0.0,19818.392933333336,0.3113468590832685,45.43333333333333,True,False,"(-0.827, 0.4980000000000002)"
20.026262044906613,25.260937929153442,"(-2.6468512220637583, -3.845381210467317)","(-1.0795014874942486, -4.708114495479182)","[0.0021606970259206992, 0.0010054033510051852, 0.0010054033510051852, 0.002180532450267947, 0.001900190855017841]","(2.2230000000000008, -3.302)",3.58938351939416,"[0.26812381733294455, -0.01285375769113628, -0.01285375769113628, 0.26838448524659597, 0.07269502945294666]",357.0,4178.072222222222,75.6248156014764,425.9,True,False,"(-1.0769999999999995, -4.702)"
0.17322802543640134,56.9378399848938,"(-1.5025784315302402, -4.5735324699072475)","(-1.7539861911903396, -0.31750372864676796)","[0.007204407798861556, -0.0010914138613923319, -0.0010914138613923319, 0.0014505698457682736, 0.0011313171534103332]","(-1.7269999999999994, -0.45199999999999996)",0.1371768986487295,"[0.25163988897731704, -0.05790382781976877, -0.05790382781976966, 0.2644616598260825, 0.06827451141608955]",199.0,2968.500266666667,43.00720095850601,177.13333333333333,False,True,"(-1.9769999999999994, -3.052)"
0.1605849266052246,66.67686510086061,"(3.3506017840661175, 0.942183363716101)","(1.6086800333067248, 2.1612021668550745)","[0.001838993631577246, -0.0008069436336692881, -0.0008069436336697322, 0.0017273251440039772, 0.0011554280272304302]","(-1.3769999999999998, -4.852)",7.622289019347613,"[0.21611634803239355, -0.027577211422284975, -0.02757721142228542, 0.22295105309422453, 0.06951747600390729]",641.0,13933.719155555556,188.03054295493308,403.54,True,False,"(3.673000000000001, -0.2519999999999998)"
20.022552013397213,14.087866067886353,"(-1.4318839243293902, 0.8862268348749783)","(-0.42690535505935334, 1.4959526209174552)","[0.0031700736888247982, 0.0004985911152735056, 0.0004985911152735056, 0.002020915952341662, 0.0022170797972626893]","(2.2230000000000008, -3.7520000000000002)",5.8790309662534215,"[0.25429243351052433, 0.010360213332638146, 0.010360213332638146, 0.2138195278965771, 0.07184662408845421]",0.0,28095.70333333332,202.86977517871225,550.92,True,False,"(-0.4269999999999996, 1.4980000000000002)"
0.16482186317443848,109.44785213470459,"(1.449020239769085, -1.945102422114977)","(0.6548130034395535, 2.792197325292668)","[0.0016645292681044532, -0.0013596677084133368, -0.0013596677084133368, 0.005456121852620122, 0.0006403831142940892]","(0.6730000000000009, 2.7479999999999993)",0.04779299537500984,"[0.2601975499697331, -0.0238464501288993, -0.0238464501288993, 0.32527952203091814, 0.07050901732065028]",661.0,3514.2126222222223,210.19830246869404,578.46,False,True,"(2.673000000000001, -2.152)"
20.05146098136902,12.924452066421509,"(-1.2840031567556383, -2.972167253748482)","(-0.7269095875501331, -4.404048440266536)","[0.002317246412719909, 0.0007263441142630889, 0.0007263441142630889, 0.00201542950276945, 0.0017470444898990876]","(2.623, -5.002000000000001)",3.4028576685703427,"[0.2647262905445227, -0.056837506289095785, -0.056837506289095785, 0.2749688482687489, 0.0707829873718939]",781.0,15831.876622222224,219.55534903283717,532.5066666666668,True,False,"(-0.7269999999999994, -4.402)"
0.2110528945922852,33.148036003112786,"(-1.8851729975671456, -1.7278089623909225)","(-2.2502500475319374, 0.22421776040543398)","[0.0488721046724514, -0.0316260531083164, -0.0316260531083164, 0.02545896376319428, 0.0030600580553962796]","(-2.2269999999999994, -0.15200000000000014)",0.37693549574790375,"[0.27518805687932346, -0.00012771393189092706, -0.00012771393189092706, 0.2753687826142732, 0.07303193845985807]",162.0,13160.919999999998,51.794976594608876,420.46666666666664,False,True,"(-2.2269999999999994, -0.15200000000000014)"
0.17656898498535156,64.99970293045044,"(1.8521220963517644, -4.353699218572755)","(4.0186248041368975, -3.1703809013479605)","[0.009093368987649342, 0.0069614063778207225, 0.0069614063778207225, 0.007325048486181984, 0.0010622106689762009]","(3.673000000000001, -0.2519999999999998)",2.9387758660005368,"[0.20324224309129946, 0.023963300039639535, 0.023963300039639535, 0.22100689978796595, 0.07267180687591585]",214.0,18679.98582222222,13.613247695392698,219.52,True,False,"(1.5730000000000004, -5.502000000000001)"
0.16096210479736328,85.10528993606567,"(-2.677399412353785, 0.7700849582142606)","(-5.846774639949703, -1.3069478645517711)","[0.011929635096315394, 0.010271209961312623, 0.010271209961312651, 0.02954153326013534, 0.001629695862527446]","(-4.327, -0.0019999999999997797)",2.00314849310591,"[0.25176670381754995, 0.0009888240750861588, 0.0009888240750861588, 0.25342873989972503, 0.07287806853054932]",577.0,16230.725555555551,141.65328434082653,360.9066666666667,False,True,"(-2.4769999999999994, -0.8520000000000003)"
20.014830827713013,15.12830901145935,"(4.330710238900265, 2.7186156911562582)","(2.5737656752995264, 1.8955111140805405)","[0.0031600261290449794, -0.0016095507915609986, -0.0016095507915609986, 0.002378835913396049, 0.0017205615424862389]","(-2.127, 0.5979999999999999)",4.876549294863811,"[0.2389626437321013, 0.016070915276056752, 0.016070915276060305, 0.25262913499771145, 0.07089035237097996]",0.0,27671.767822222217,0.5814554951453633,27.16,True,False,"(2.5730000000000004, 1.8979999999999997)"
20.018475055694577,9.520467996597288,"(-3.225726755593967, 0.5417028345099428)","(-1.8768442553453721, 1.5480650842265389)","[0.17775268405141453, 0.07238825209692523, 0.07238825209692545, 0.18062427887385218, 0.06865119161653073]","(2.8230000000000004, -2.702)",6.336528169641829,"[0.17775268405141453, 0.07238825209692523, 0.07238825209692545, 0.18062427887385218, 0.06865119161653073]",498.0,7009.588266666668,123.23671913622955,445.97333333333336,True,False,"(-1.8769999999999998, 1.548)"
0.14670801162719727,70.47919988632201,"(2.608469481521216, -3.576736901025801)","(3.978623451971268, -3.349257199626798)","[0.0018840636088128804, 0.001378111247543501, 0.001378111247543501, 0.0025836566185200027, 0.0007874989675932323]","(1.4730000000000008, 1.548)",5.501025082870003,"[0.2738539954088486, -0.022475249740736558, -0.022475249740736558, 0.2441391546709646, 0.07286371821891574]",371.0,5963.418488888889,38.87502479319016,269.43333333333334,True,False,"(3.5230000000000006, -5.252000000000001)"
0.16782593727111814,54.53315806388855,"(2.807796396916581, -1.3392915465459287)","(2.028372022005586, 2.7840828242445284)","[0.0026817664602463154, 0.00011649125364598945, 0.00011649125364421309, 0.0017845700346175164, 0.0011751486821046468]","(1.9730000000000008, 2.7479999999999993)",0.06609108129277788,"[0.23389631566621638, -0.02371179056884687, -0.023711790568847313, 0.24506994286377926, 0.07386785816928157]",732.0,48523.1076,187.57967442811298,691.8933333333333,False,True,"(3.5730000000000013, -2.652)"
0.20316195487976074,30.15018606185913,"(-1.2537702704784994, -2.010220928569459)","(-2.19254192842052, -0.5452235074334115)","[0.0014716175400497633, 0.00020419985206343583, 0.00020419985206343583, 0.0009754571816291691, 0.0011214758229896335]","(-2.1769999999999996, -0.5019999999999998)",0.0459328110817831,"[0.2593843015276285, -0.04645982872869947, -0.04645982872869947, 0.2642377709120347, 0.06584274637436638]",89.0,1484.582222222222,7.748169762396983,63.24,False,True,"(-0.026999999999999247, -2.802)"
0.1214590072631836,146.52704691886905,"(-1.8989605489037442, -0.4972224700229704)","(2.628213082907729, 2.229083260894829)","[0.002266706215029224, -0.0023474271112720047, -0.002347427111272893, 0.005255616671920649, 0.0006801747275583628]","(2.623, 2.1980000000000004)",0.031517381573646516,"[0.3379133899174569, 0.003761543526667799, 0.003761543526667799, 0.2469060323480105, 0.07648565621440379]",775.0,27293.166622222223,202.99001188237912,606.0533333333333,False,True,"(-3.4269999999999996, -0.10200000000000031)"
0.21222519874572754,123.54035782814026,"(3.5738568929677963, 1.5865876187144325)","(1.6376896285429117, -3.4711471758127503)","[0.0022520760224842284, 0.0020957390022537936, 0.0020957390022537936, 0.0060767355523481115, 0.0006566712632357917]","(1.673000000000001, -3.452)",0.040167607273050215,"[0.2607181558087657, 0.047938929299049526, 0.047938929299049526, 0.29959516177422585, 0.07265496852592497]",761.0,7758.537288888889,241.73442878090663,651.8733333333333,False,True,"(3.0230000000000006, 0.6479999999999997)"
0.19454407691955566,40.726777076721184,"(2.142545285614105, 0.8718053939071738)","(3.878027339599029, -3.4641171149811005)","[0.0016485447092549066, 0.0002795443543295306, 0.0002795443543295306, 0.001948069613757042, 0.0011837727814080809]","(3.7730000000000006, -3.552)",0.13694576861843782,"[0.28470948153883757, 0.050083126818402324, 0.050083126818402324, 0.2604029783195312, 0.07162487709129144]",251.0,2431.853333333333,15.089243264722978,151.53333333333333,False,True,"(2.673000000000001, 1.7480000000000002)"
0.2118501663208008,81.42537093162538,"(3.7780335254557356, -0.7384173417259066)","(2.2080012275088605, 1.6385247996565182)","[0.005426059986463727, -0.004250033648881768, -0.004250033648881768, 0.00477123830056847, 0.0017778197528702084]","(-3.7269999999999994, 2.1980000000000004)",5.961312948531645,"[0.22521529719429978, -0.019454922917637063, -0.01945492291763662, 0.24317942566710993, 0.07376560952815146]",421.0,8339.54328888889,79.84917278596919,331.5733333333333,True,False,"(4.073000000000001, -2.6020000000000003)"
0.14917206764221191,93.28270506858826,"(-2.3589034886473046, 2.432364112004513)","(-2.1786566934095952, -0.30241113952595094)","[0.0027927669031768687, 0.00016319224262184573, 0.00016319224262184573, 0.002241082362737415, 0.0014692939433546858]","(-2.1769999999999996, -0.3019999999999996)",0.0017069472057439452,"[0.2501674044874056, -0.005783756635709736, -0.005783756635709736, 0.23077364677319245, 0.06781607431677004]",641.0,51672.79115555555,132.42354143820938,299.68666666666667,False,True,"(-3.4269999999999996, 2.3979999999999997)"
0.14355683326721191,69.84615707397461,"(0.9768371320378941, 0.6505408522244871)","(1.9971261170938635, -5.420042388889906)","[0.00037361709056682457, -0.00019476377944549483, -0.00019476377944371848, 0.00048175211718515243, 0.0009004191352980606]","(2.2230000000000008, -5.352)",0.2358999314644677,"[0.2564454620179084, -0.009131425896757417, -0.009131425896757417, 0.22859036133337363, 0.0637603352897317]",308.0,7467.558266666668,62.89639949954425,345.2466666666667,False,True,"(2.173000000000001, 0.4480000000000004)"
0.23296499252319336,101.82257413864136,"(1.7615202564017043, 1.057360499705236)","(-0.8407041138524569, -3.9908309195791185)","[0.002023380952467013, 0.0013261360819329937, 0.0013261360819329937, 0.0023601602067024885, 0.001399313500256238]","(-0.9769999999999994, -4.052)",0.14939285451546902,"[0.1572436809050246, -0.08154446904486079, -0.08154446904486057, 0.14975714967613873, 0.06691919619405858]",224.0,1026.102222222222,59.27372664724771,659.1866666666666,False,True,"(0.8230000000000004, 1.8479999999999999)"
0.14379501342773438,24.304686784744266,"(-0.7655897719693072, -5.189126943840468)","(-0.9508090094516141, -5.399714536781354)","[0.050042887005130765, 0.03837473756702847, 0.03837473756702847, 0.03089119852157296, 0.002826694096798574]","(-0.5269999999999992, -4.952)",0.6164919974644449,"[0.27796060426974056, -0.01885456960805776, -0.01885456960805687, 0.2603094612771102, 0.07622853257250038]",27.0,22161.74528888889,2.17991057422586,53.4,False,True,"(-2.4769999999999994, -5.0520000000000005)"
0.1950838565826416,141.90876007080078,"(-1.760081088167413, -3.5354705407328835)","(4.056538122100021, -0.01750484006148798)","[0.0023968312257309776, -0.0021535489746762337, -0.002153548974676678, 0.0032448239482239516, 0.0014326613660835814]","(1.8730000000000002, -4.752000000000001)",5.213759023022188,"[0.24447867446048344, 0.01588059712696488, 0.01588059712696399, 0.2936384891615873, 0.07295718983386912]",781.0,8024.124622222223,223.56709011048588,549.6733333333333,True,False,"(-3.6769999999999996, -3.1020000000000003)"
0.16665005683898926,68.4929609298706,"(0.707538432708857, 1.0684580460955746)","(4.665034118691561, -0.4657737907031756)","[0.0013908471302244152, -0.0002540453292256828, -0.0002540453292256828, 0.0017196152183474034, 0.001290230236915762]","(-1.0269999999999997, 2.048)",6.222403963033504,"[0.2277405542016821, 0.006175281650436459, 0.006175281650436459, 0.2674105119372523, 0.07191553344605303]",781.0,45435.408888888895,195.6536743867676,785.34,True,False,"(2.0230000000000006, 2.4979999999999993)"
0.1815340518951416,15.615984916687012,"(2.107580570043196, -3.7321706131485097)","(4.571543930416806, -6.288899506276615)","[0.14280531579439248, 0.11027552946287678, 0.11027552946287678, 0.20749805371787033, 0.025851613880998072]","(2.5230000000000006, -4.852)",2.5022414803502704,"[0.258890827011788, -0.015797658015262783, -0.015797658015262783, 0.21973146770061724, 0.06858067631363758]",41.0,3838.5722666666657,4.137368639145525,103.69333333333331,False,True,"(3.623, -4.952)"
0.2063300609588623,69.34357404708861,"(-1.936549449231103, -2.417791084413723)","(-4.394637312064175, -6.300275059214752)","[0.31630423302914856, 0.288189368470551, 0.288189368470551, 0.27288210629005505, 0.00352079077260296]","(-4.327, -0.10200000000000031)",6.198644086868264,"[0.20268658606214895, -0.010835466281055695, -0.010835466281055695, 0.2093087280004413, 0.06934249117230447]",233.0,2136.3744,40.04616420016746,66.80666666666667,True,False,"(-3.1769999999999996, -3.202)"
0.18418598175048828,43.8154981136322,"(-3.495922196458278, 0.7603259659990054)","(-2.973085815741634, -0.5660461597428077)","[0.0011577998696257197, -0.00013901776188407489, -0.00013901776188451898, 0.0011292554845017677, 0.0016570801971979292]","(0.3730000000000002, 2.3979999999999997)",4.470107372691784,"[0.2229545757483038, 0.019677460796996726, 0.019677460796996726, 0.24592277333526302, 0.07395934283577774]",191.0,4141.097955555556,45.198546500662424,161.53333333333333,True,False,"(-3.2769999999999997, -0.7519999999999998)"
0.18494391441345207,30.097829103469852,"(1.209671339386595, -3.3671538260535785)","(0.8521896555745996, -1.9808134211511554)","[0.0019086796160142638, 0.00021312551043628503, 0.00021312551043628503, 0.0011207987816712617, 0.0014703783019378999]","(0.8730000000000002, -2.1020000000000003)",0.12296038926496247,"[0.22127054606877827, 0.039087078353924554, 0.039087078353924554, 0.23025649821650518, 0.07118364629891358]",80.0,481.5524,6.691442958229255,255.83333333333331,False,True,"(2.4730000000000008, -2.8520000000000003)"
20.071392059326172,138.51696300506592,"(-1.0796693607892422, -1.8775219137922168)","(0.845193674566802, -5.908848072908324)","[0.0031157163544915933, 0.001629177919224567, 0.001629177919224567, 0.004412446740190035, 0.0018283504149269527]","(0.7730000000000006, -5.952)",0.08410716651500375,"[0.19844510056178521, -0.03670972985426313, -0.03670972985426313, 0.24222865394320792, 0.06576491686887631]",781.0,67477.89248888887,181.80120253485256,524.86,False,True,"(-2.6769999999999996, -2.2520000000000002)"
20.065966129302982,12.01078486442566,"(0.9958076269908036, -2.7004203948082037)","(0.072599154714505, -1.5041608205057813)","[0.003145522461321686, -0.0023279528727932625, -0.0023279528727932625, 0.007649557526238748, 0.0025912030248976276]","(4.623, -1.3019999999999996)",4.554889334563741,"[0.2235206621300001, -0.04645727956132717, -0.046457279561326725, 0.2009796303450555, 0.06847208118752672]",781.0,15831.876622222224,223.32367392207385,540.6133333333332,True,False,"(0.0730000000000004, -1.5019999999999998)"
20.018213987350464,22.354601860046387,"(-1.8265497963815467, 2.1938956323356225)","(-1.526033239756038, 1.0429605223641494)","[0.001193890537354747, -0.0002461958841810663, -0.0002461958841810663, 0.001379452399162595, 0.001423524515694902]","(3.923000000000001, 0.3979999999999997)",5.487070012618249,"[0.23495441276397244, -0.017902191876985718, -0.017902191876985718, 0.29082190722242895, 0.07249245466993186]",294.0,6555.243955555556,57.35460748992541,420.3,True,False,"(-1.5269999999999997, 1.048)"
0.18592500686645508,97.21543598175049,"(-2.045752087363167, -3.5905663061229007)","(-3.381114985430978, 1.613642929223563)","[0.02151944623714286, 0.0009356217257643351, 0.0009356217257643351, 0.0018610242815642053, 0.00264795947165039]","(1.0730000000000004, 1.8479999999999999)",4.460276173070869,"[0.2616206961647016, -0.012536341474078228, -0.012536341474078228, 0.2603263612113871, 0.07476137056744891]",427.0,2152.0151555555553,148.70706514109685,342.78,True,False,"(-2.3269999999999995, -5.502000000000001)"
0.18550395965576166,63.245584964752204,"(-3.0233097650069265, 1.5476640848902758)","(-0.8730689173130584, -5.213937738734817)","[0.0032794566469336317, 0.0010011186952754159, 0.0010011186952754159, 0.0018747221882016163, 0.00138628122696773]","(-1.0269999999999997, -5.3020000000000005)",0.17734074567428496,"[0.249925441494387, -0.001858772285305399, -0.0018587722853049549, 0.2495441886118317, 0.07195992590735024]",416.0,5982.405555555555,90.38393455697985,189.76666666666668,False,True,"(-3.4269999999999996, -0.2519999999999998)"
0.2227318286895752,55.530309200286865,"(1.6366035535691699, -3.695696175128417)","(2.4896977477992017, 2.9138179548887906)","[0.0018899866417800837, 0.00017735405555630024, 0.00017735405555630024, 0.002040924477753947, 0.0010929786729599734]","(2.5730000000000004, 2.798)",0.1426641647238275,"[0.272285720812679, -0.015508353081911785, -0.015508353081911785, 0.2810639767668093, 0.0808004653271455]",387.0,15285.473822222222,37.76321104622871,303.5133333333333,False,True,"(3.0730000000000004, -3.552)"
0.19758892059326166,130.14924716949466,"(1.2687744005561212, -2.093403500750976)","(4.402615530279634, 1.3026257704121176)","[0.002100983810890966, -1.0680850911271023e-05, -1.0680850912159201e-05, 0.004541639349860294, 0.0007535678739720711]","(4.423000000000001, 1.2480000000000002)",0.058305243322516874,"[0.2167516766976305, 0.05772330709730156, 0.05772330709730111, 0.22784557939648842, 0.06808499813857166]",781.0,8023.782222222218,242.43940079041928,676.42,False,True,"(2.2230000000000008, -1.1020000000000003)"
0.17503809928894046,34.983922004699714,"(0.25258133055883736, -4.5263157043842925)","(1.8276930176898807, -4.625283668068801)","[0.10428981851183883, 0.10353706123975215, 0.10353706123975126, 0.1050741078864661, 0.0020316103065580594]","(-1.0269999999999997, 1.298)",6.5752993572656395,"[0.338582946033662, -0.09745656990247742, -0.09745656990247742, 0.33736521768657113, 0.08355252603931469]",316.0,2702.643955555556,52.82687244336207,852.2133333333335,True,False,"(1.5730000000000004, -4.752000000000001)"
0.1401350498199463,35.99742889404297,"(4.027565547967196, 0.6909240349618997)","(3.3788845479075738, -0.3364932842438969)","[0.1720614612680933, -0.1742670120782548, -0.1742670120782548, 0.17964442532434563, 0.0029847312427258316]","(1.423000000000001, -3.202)",3.4693822364776903,"[0.2811384977638305, 0.07235928983979534, 0.07235928983979445, 0.33437943907258577, 0.06856339629330066]",781.0,17229.359822222217,240.93397741344762,644.1066666666667,True,False,"(3.123, -0.5519999999999996)"
0.13365411758422852,106.67576289176941,"(0.27966621770691713, 2.193735250581591)","(-2.7636800840771714, 2.2444963291378315)","[0.004562207972198529, -0.000621844610289024, -0.0006218446102881359, 0.0021500360951707265, 0.0010969469652566712]","(-2.727, 2.2479999999999993)",0.036847038923348695,"[0.19199155125124884, 0.005149015406894553, 0.005149015406894553, 0.16659205533695864, 0.0694378677703865]",146.0,2849.1122222222225,32.97549958380752,173.71333333333337,False,True,"(-0.9269999999999996, 1.4480000000000004)"
20.02108383178711,13.612128019332886,"(-0.8409474094903322, -4.000975563922419)","(0.6728395456538481, -3.5041064599040013)","[0.01218363462351979, 0.009638625008121515, 0.009638625008121515, 0.01040634788878414, 0.0017909633850612136]","(0.6730000000000009, -5.502000000000001)",1.9978935465391847,"[0.24253992605244318, -0.0009467653080266203, -0.0009467653080266203, 0.24522429489111985, 0.07079080229327245]",781.0,18414.925555555557,212.48039856159699,590.8866666666668,True,False,"(0.6730000000000009, -3.5020000000000002)"
0.15163898468017578,56.245124101638794,"(4.580667672674808, -3.4831553117066587)","(4.165340844316901, -3.211996073804393)","[0.0036703565441911223, 0.0023927017492297864, 0.0023927017492297864, 0.0035069161938157123, 0.0013549266110438887]","(-3.627, 0.798)",8.763597682797638,"[0.2558554627580776, -0.02852303947242163, -0.02852303947242163, 0.2680928470944455, 0.07199668064116632]",457.0,52410.706488888885,55.2423944204235,239.06666666666663,True,False,"(4.473, -5.202)"
20.016653060913086,0.00013685226440429688,"(1.0883032326011919, 1.4661544076061128)","(-0.6847969468925288, 1.5653965278482393)","[0.19347794056522227, -0.059260332779634606, -0.059260332779634606, 0.18387840614347684, 0.07276095941704111]","(4.473, 1.9480000000000004)",5.171968171042479,"[0.19347794056522227, -0.059260332779634606, -0.059260332779634606, 0.18387840614347684, 0.07276095941704111]",188.0,297.49515555555547,37.03676833212565,335.7866666666667,True,False,"(-0.7269999999999994, 1.5979999999999999)"
20.0132999420166,9.698782920837402,"(-1.4053534252580375, -0.8716143969216705)","(-0.4268414488427738, -1.951934147695753)","[0.1616511075932383, -0.028317953112313443, -0.028317953112313443, 0.17478678880030807, 0.0704424597121436]","(3.0730000000000004, -5.3020000000000005)",4.844773615125155,"[0.1616511075932383, -0.028317953112313443, -0.028317953112313443, 0.17478678880030807, 0.0704424597121436]",781.0,44123.91666666668,196.2921071699699,470.9666666666666,True,False,"(-0.4269999999999996, -1.952)"
19.421338081359863,26.59206485748291,"(-3.3000231106820146, 0.42533130760901255)","(1.6183839282552606, -0.758435972389489)","[0.0019147610899485912, 0.0012014725259841263, 0.0012014725259841263, 0.00509253230420792, 0.0011119494293762627]","(1.673000000000001, -0.8520000000000003)",0.10833809374143126,"[0.3085325505259071, -0.01103226966512727, -0.01103226966512727, 0.27305922335832755, 0.07101271300016306]",227.0,1537.0846222222226,46.52671277206454,344.54,False,True,"(-2.0269999999999997, 0.09799999999999986)"
20.021888017654426,25.499207019805908,"(1.9542212888950012, -4.550586058637675)","(1.070488009503769, -3.8081470692415498)","[0.0029801034441021557, 0.0022193397936391968, 0.0022193397936391968, 0.0027867297783323863, 0.0011886004977072098]","(3.5230000000000006, -3.2520000000000002)",2.514779240043498,"[0.3144858746984349, -0.06753585333575707, -0.06753585333575707, 0.3071710616293224, 0.08079270520922548]",109.0,6995.089288888892,14.780007883106991,172.28666666666663,True,False,"(1.0730000000000004, -3.802)"
0.19324684143066406,23.569908142089844,"(3.7200856070850494, -4.76953550821962)","(3.392654279003773, -3.236248392035601)","[0.05097614108833781, 0.045881926027522724, 0.045881926027522724, 0.0432596950858688, 0.001449648897534063]","(3.3230000000000013, -3.2520000000000002)",0.07141310619906803,"[0.28237130086163553, -0.03137865458875311, -0.03137865458875311, 0.2823455469995473, 0.08612789452253863]",47.0,515.0036,4.158424069653886,95.00666666666666,False,True,"(4.473, -5.652)"
0.17937898635864258,18.56727409362793,"(2.1107049264577067, 1.3683974397660201)","(3.571871393257014, 3.049848849756634)","[0.06778463147227143, -0.06796835038394278, -0.067968350383941, 0.07066724515621026, 0.0010600316860317552]","(4.473, 2.0980000000000008)",1.3107436815310538,"[0.16216223201469937, -0.07755403797296578, -0.07755403797296578, 0.15606689458436107, 0.06246492883946152]",96.0,3231.297288888889,4.151538880685581,99.47333333333331,False,True,"(1.2730000000000006, 2.1479999999999997)"
20.01523494720459,15.665938138961792,"(-0.49441225495778207, -0.6633394388003053)","(0.17327335375740208, 0.6453806623659212)","[0.001611405311453349, -3.5827604845939387e-06, -3.5827604845939387e-06, 0.00194094931097738, 0.0017346790815416584]","(1.173000000000001, -5.0520000000000005)",5.78442735100966,"[0.25277727933584165, 0.026940075590470014, 0.026940075590470014, 0.3288368794103505, 0.07145933798432447]",781.0,44893.1296,189.66815178559918,598.98,True,False,"(0.17300000000000093, 0.6479999999999997)"
0.17523598670959473,26.21587085723877,"(2.0897801982701347, -3.430327175376992)","(0.9801445504327302, -3.038019680281933)","[0.006254787136447115, 0.0002688214389996446, 0.0002688214389996446, 0.0021959161869027355, 0.0050235497152149085]","(1.1230000000000002, -2.902)",0.19725372720196194,"[0.22582866252220768, -0.045140284826239, -0.04514028482623811, 0.22414622261918993, 0.06723798241891941]",31.0,421.6650666666667,3.6166975600670703,165.29333333333332,False,True,"(1.0230000000000006, -2.202)"
0.1893470287322998,37.87184190750122,"(-0.5716917826876573, -4.260183885210291)","(0.6204341801939569, -2.413315510385793)","[0.0022227819381653857, -0.0007779985368403519, -0.0007779985368403519, 0.001071322450505896, 0.001228609935834977]","(0.6730000000000009, -2.2520000000000002)",0.1696639599411446,"[0.20748435548600308, 0.04169586717941565, 0.04169586717941565, 0.2043921820179584, 0.06433861024011989]",105.0,406.5699555555555,19.665259514202788,240.3733333333333,False,True,"(-1.7269999999999994, -4.752000000000001)"
0.13064002990722656,65.51588392257689,"(-1.0262712733946164, 1.6783355277946603)","(-3.5321497914775644, -4.941404079628394)","[0.004068082226822867, -0.0015502960073732197, -0.001550296007374996, 0.002244190536355717, 0.0014755976968253391]","(-2.6769999999999996, -5.202)",0.8939750553446371,"[0.21242702214874076, 0.0016709467946902645, 0.0016709467946902645, 0.16937149762430614, 0.06753361169090454]",403.0,4545.344399999999,87.62760171458855,680.4,False,True,"(-0.7769999999999992, -0.3019999999999996)"
0.13193202018737793,68.30446195602417,"(-4.673552850870819, -3.995844040668095)","(2.245093454589117, 2.306967666016188)","[0.0022408643941718154, -0.0016436381532551891, -0.001643638153254301, 0.0039418368412427185, 0.0005645668087749041]","(2.2230000000000008, 2.298)",0.02384407199828143,"[0.24330993966800918, 0.029692931098036723, 0.029692931098036723, 0.2632499758565583, 0.0699457443774768]",405.0,30973.48995555556,75.56281759135527,177.91333333333333,False,True,"(-4.276999999999999, -2.802)"
20.0166449546814,9.094595909118652,"(4.2763901495721495, -1.4534105928941283)","(3.273145493427984, -2.0019377225558963)","[0.15070917876505163, 0.014389815469082912, 0.014389815469082023, 0.1629077517731239, 0.07206426925170134]","(0.8730000000000002, -2.902)",2.5633592204177176,"[0.15070917876505163, 0.014389815469082912, 0.014389815469082023, 0.1629077517731239, 0.07206426925170134]",144.0,1792.8436000000006,30.386006991531,329.36,True,False,"(3.2730000000000006, -2.002)"
0.14097309112548828,54.38752889633179,"(4.610239745294135, -5.085444728202473)","(4.439290941216311, 1.737638779843597)","[0.004576652486644406, -0.0011212619769818133, -0.0011212619769818133, 0.001151521329255889, 0.0008777995184702423]","(4.223, 1.9480000000000004)",0.30171777242636616,"[0.270124725986868, -0.038920451946182766, -0.038920451946182766, 0.26286207138927153, 0.08014318839852465]",0.0,39495.13582222222,45.3784182706995,283.67333333333335,False,True,"(2.7730000000000006, -4.852)"
19.258772134780887,63.35851192474365,"(-2.5850506224428567, 1.5795569424265528)","(-3.875610977723234, -3.783461061228015)","[0.0017286534203488912, -0.001094126461893552, -0.001094126461893552, 0.0032299740942587363, 0.0012287636909179241]","(-3.877, -3.8520000000000003)",0.06855301241284217,"[0.21087197675131808, 0.000714534066073913, 0.000714534066073913, 0.2302297493683696, 0.07383334578362609]",475.0,6814.41,114.68558915937528,308.66,False,True,"(-1.6269999999999998, 0.29800000000000004)"
20.037434101104733,15.576908826828005,"(1.5246954291000254, -3.9249367232215917)","(1.9730850560241349, -4.854053569742527)","[0.0393629856537725, 0.039720216434430355, 0.039720216434430355, 0.04307053869120381, 0.0016785555228069266]","(-0.827, -4.402)",2.836340732508462,"[0.2826943374063364, -0.03427009900311884, -0.034270099003119725, 0.29919512553302496, 0.08312936404125254]",0.0,1434.6551555555554,35.317418147193436,379.5,True,False,"(1.9730000000000008, -4.852)"
19.773471117019653,47.25968503952026,"(3.0353756493662916, -2.5819242857622235)","(-2.10005598748932, -5.341865471731367)","[0.0023486768244103118, -0.0005004477359040749, -0.0005004477359040749, 0.002622742657596433, 0.0013150734235171456]","(-2.2269999999999994, -5.352)",0.12734791311811627,"[0.2035214529263083, -0.031881652611742695, -0.03188165261174092, 0.21623715759494289, 0.06660846036701148]",239.0,1889.1664,43.04376075836298,465.6133333333333,False,True,"(2.173000000000001, -1.4020000000000001)"
0.14325594902038574,35.18862199783325,"(-1.9027514768308613, -5.919490403559002)","(-3.7821569767759087, -2.666246033670358)","[0.029613197114711554, -0.028213694779450904, -0.028213694779450904, 0.030166507068555504, 0.0018028125683078474]","(-3.4269999999999996, -3.1020000000000003)",0.5621547805761493,"[0.2424079000454844, -0.028380083380625365, -0.02838008338062359, 0.24127379834854423, 0.07012727992407633]",142.0,3733.1964888888892,13.295083797717913,42.27333333333333,False,True,"(-2.877, -4.752000000000001)"
0.2058429718017578,58.80994606018066,"(-0.8431186337278354, -6.003806492975875)","(0.017474511139154048, -0.91618104389162)","[0.003789280282082308, 0.0011836908552839143, 0.0011836908552838032, 0.0026331695607546557, 0.0008472352899747756]","(-0.5269999999999992, -1.5019999999999998)",0.7997726818391159,"[0.31100974572667583, -0.03385418363732384, -0.03385418363732384, 0.23606101800793056, 0.07452201150900578]",0.0,55738.62333333333,12.464709192685547,164.23333333333332,False,True,"(-1.0769999999999995, -4.052)"
0.15521907806396484,73.71757102012634,"(-4.748517824885054, -1.9125292842854986)","(2.8969475255065382, -1.9634824887025828)","[0.0013281044769257733, 0.00014508427414217095, 0.00014508427414217095, 0.0054593501421909, 0.0009780239344354708]","(2.873, -2.152)",0.19003246049993186,"[0.24691268268231426, 0.011027495519492447, 0.011027495519492447, 0.2662119679433026, 0.06630912240347327]",462.0,43214.879288888886,41.5544955307236,323.54,False,True,"(-4.327, -0.10200000000000031)"
20.04568099975586,14.953715085983276,"(4.856410813125372, -3.701684418376462)","(3.62326447711043, -5.104621514494373)","[0.004913699615023859, 0.004329730403117793, 0.004329730403117793, 0.005933421742803091, 0.001640955479228688]","(1.423000000000001, -3.3520000000000003)",2.8129781268795147,"[0.1862054529028896, 0.04448473443099843, 0.04448473443099843, 0.1916930320879473, 0.061988322960227514]",0.0,151514.3124,58.315570274196226,342.20666666666665,True,False,"(3.623, -5.102)"
0.17639684677124026,32.086042165756226,"(2.144535254012769, -3.1317515207625277)","(0.5333453138369384, 0.419566916436581)","[0.13897918694721323, -0.13799742843857699, -0.13799742843857676, 0.13941746529402077, 0.0010442620809648063]","(1.8730000000000002, -0.952)",1.9172559778031733,"[0.2112225548914104, -0.036382823107347306, -0.036382823107348194, 0.21327917697879784, 0.06381579467092252]",95.0,575.2951555555553,14.604810961606148,200.92666666666668,False,True,"(0.8730000000000002, -1.6020000000000003)"
0.16070985794067386,65.83725905418396,"(-2.6142241550637246, -4.92629785375919)","(-3.121551916006129, -0.042699803785416796)","[0.0025910021978834408, 0.0009434411557070477, 0.0009434411557070477, 0.00216688676535981, 0.0016917974164341052]","(-3.2269999999999994, -0.0519999999999996)",0.10585741385282428,"[0.22860090679200873, -0.021231352821125427, -0.021231352821125427, 0.24034477805462018, 0.06567615671151458]",384.0,3056.264933333334,102.85964545258062,254.96,False,True,"(-2.9269999999999996, -3.5020000000000002)"
0.13797616958618164,124.76115202903748,"(4.5232334301425245, 1.4193082796182468)","(-0.7302206167367601, -2.0199627670918745)","[0.0025323467870379535, 0.00019004801536381954, 0.0001900480153635975, 0.0022382656440012028, 0.0009074903006271066]","(-0.7269999999999994, -2.002)",0.018249202003431282,"[0.18327480303526755, -0.05075194708385489, -0.050751947083855775, 0.181535161708549, 0.05814280712181937]",780.0,69429.76888888888,179.02347069874017,504.57333333333327,False,True,"(3.5230000000000006, 2.0980000000000008)"
0.19060397148132324,47.86605286598206,"(0.4009797200096007, -4.876135406815293)","(-3.482972963586544, -2.0682541114487965)","[0.0016446813423911522, 0.0002770897757988777, 0.0002770897757988777, 0.001107210027841532, 0.004548678747139932]","(-3.4769999999999994, -2.1020000000000003)",0.03427041418069615,"[0.28116214768169717, -0.06005296278824024, -0.06005296278824024, 0.3152308332428255, 0.07140741940642846]",287.0,7028.419733333332,63.66527471265407,206.72666666666663,False,True,"(-0.3769999999999998, -4.152)"
0.16558384895324707,64.66314315795898,"(2.1102968840662912, -0.13106775556429895)","(4.071935941768038, -0.012705932007744215)","[0.01127638483582416, -0.011293779544501392, -0.011293779544501392, 0.013896712326239652, 0.0013086919794089071]","(4.623, -4.602)",4.62226044687921,"[0.18527659842223, -0.061210233446574766, -0.06121023344657482, 0.18269027895974282, 0.06671811812965925]",233.0,3445.9295999999995,7.105319549420185,112.04,True,False,"(1.7230000000000008, 0.8979999999999997)"
