calculation_time_oracle,execute_time_oracle,fake_location,final_location_oracle,finish_covarianceoracle,goal_location,how_far_from_goal_oracle,init_covariance,move_base_status_aborted_oracle,move_base_status_finish_oracle,real_location
20.018835067749023,17.325057029724118,"(1.9503245364124493, 1.945524596267822)","(3.4725431166536644, 2.6458174914878247)","[0.04140317919047831, -0.04294511912583587, -0.04294511912583587, 0.047388378592430946, 0.0015576657353875525]","(-3.327, -0.40200000000000014)",7.4513742394709555,"[0.18392028551493134, -0.04584592189452685, -0.04584592189452508, 0.1941870301744757, 0.0557851405798289]",True,False,"(3.473, 2.6479999999999997)"
0.1853489875793457,108.63553404808044,"(-0.6497592900820965, -4.510349860589565)","(-4.361483248803818, -0.3327998954007133)","[0.001228372989661608, -0.00014915923013703036, -0.00014915923013680832, 0.0007787817750732201, 0.0011012804144721277]","(-4.327, -0.3019999999999996)",0.046235570773603935,"[0.15062177330162474, 0.05439911267344533, 0.05439911267344533, 0.1503437098865028, 0.0624427480732032]",False,True,"(0.7730000000000006, -4.452)"
0.16187191009521484,46.56822204589844,"(-2.942555154234705, -5.296129709251616)","(-3.4929135133214677, 2.385473415369595)","[0.005087260158433082, 0.0009917559825964872, 0.0009917559825964872, 0.002984177008507949, 0.0010097519755395625]","(-3.4769999999999994, 2.3979999999999997)",0.02025228946897713,"[0.16130007210010788, -0.032963236027384824, -0.032963236027384824, 0.1927969613611964, 0.06103814275888]",False,True,"(-3.5269999999999997, -4.152)"
0.21928715705871585,129.57059502601624,"(-0.31551056603955374, 2.909124283134574)","(-2.7548992275070368, 0.09964749839829794)","[0.0024725618391299165, 0.0009314249541921282, 0.0009314249541921282, 0.0020308150341883163, 0.001270876629293167]","(-2.8269999999999995, 0.09799999999999986)",0.07211959265729646,"[0.17141204376476316, -0.07617247383021608, -0.07617247383021608, 0.1500005308183754, 0.0666414077879913]",False,True,"(0.6730000000000009, 1.9979999999999993)"
0.23116493225097656,42.38808012008667,"(2.142545285614105, 0.8718053939071738)","(3.82150198260919, -3.4580391670906785)","[0.0016897355539562398, 0.0008313120322025469, 0.0008313120322025469, 0.0026069877776020434, 0.0011205724964660363]","(3.7730000000000006, -3.552)",0.10574062813335074,"[0.18321927937767324, -0.053697119445699215, -0.053697119445699215, 0.19753838755728204, 0.05630829286750564]",False,True,"(2.673000000000001, 1.7480000000000002)"
20.041424036026,11.950707912445068,"(-3.225726755593967, 0.5417028345099428)","(-1.8768629178677048, 1.5480599729598243)","[0.18456886510395432, 0.027202057492818454, 0.027202057492818454, 0.1288849481204739, 0.06761362366786614]","(2.8230000000000004, -2.702)",6.336538583525172,"[0.18456886510395432, 0.027202057492818454, 0.027202057492818454, 0.1288849481204739, 0.06761362366786614]",True,False,"(-1.8769999999999998, 1.548)"
0.16463685035705564,45.275787115097046,"(1.8521220963517644, -4.353699218572755)","(3.7476905598200947, -0.22555514293986942)","[0.0030201090965142896, -0.0019481399982500536, -0.0019481399982500536, 0.003831212428365295, 0.0022980117975713492]","(3.673000000000001, -0.2519999999999998)",0.07923389546885683,"[0.15852942123254987, 0.06185498030976966, 0.06185498030976966, 0.17562058983902062, 0.0596815674714417]",False,True,"(1.5730000000000004, -5.502000000000001)"
0.18285107612609866,53.82985901832581,"(0.9768371320378941, 0.6505408522244871)","(2.2755595244622215, -5.290841568532571)","[0.005968439112816526, 0.0038467903437418016, 0.0038467903437418016, 0.005225187902976103, 0.0011012130654461537]","(2.2230000000000008, -5.352)",0.08064029607616201,"[0.15715179644440802, -0.0597211200811002, -0.0597211200811002, 0.1921820112937471, 0.06776104565087118]",False,True,"(2.173000000000001, 0.4480000000000004)"
20.018394947052,9.419996023178099,"(1.0883032326011919, 1.4661544076061128)","(-0.684776345010966, 1.5654024947698866)","[0.2084363065586603, 0.002053520915510587, 0.002053520915510587, 0.13771639914110434, 0.06524428475696466]","(4.473, 1.9480000000000004)",5.171947184200838,"[0.2084363065586603, 0.002053520915510587, 0.002053520915510587, 0.13771639914110434, 0.06524428475696466]",True,False,"(-0.7269999999999994, 1.5979999999999999)"
20.023024797439575,12.825897216796875,"(-0.49441225495778207, -0.6633394388003053)","(0.172855089367506, 0.6458987077377583)","[0.001968501939487683, -0.000527990161621944, -0.000527990161621944, 0.002041502141312046, 0.0014406764723490994]","(1.173000000000001, -5.0520000000000005)",5.785009898513891,"[0.1942569097786433, -0.005993498272307454, -0.005993498272307482, 0.17146498725909914, 0.06223172289583455]",True,False,"(0.17300000000000093, 0.6479999999999997)"
20.01512908935547,14.264055013656616,"(-1.2840031567556383, -2.972167253748482)","(-0.727081901852625, -4.404104384169022)","[0.0058389935140762406, 0.004399436708895532, 0.004399436708895532, 0.006176210325389064, 0.0023564698422530264]","(2.623, -5.002000000000001)",3.4030174722664013,"[0.15614999723331469, 0.042484278921861574, 0.042484278921861574, 0.16248315923292012, 0.0602625738501523]",True,False,"(-0.7269999999999994, -4.402)"
0.04533290863037109,13.881909132003784,"(0.35277492369418484, -0.4711993640419503)","(-1.2110739183887282, -0.17785309382462555)","[0.0029082506562876365, -0.0012692516828403666, -0.0012692516828403666, 0.003841401385501309, 0.0013827436428826773]","(-1.2769999999999997, -0.15200000000000014)",0.07081405719855986,"[0.17601959193311545, 0.0004522072562177515, 0.0004522072562177515, 0.16751760968374718, 0.06284651637481498]",False,True,"(-0.6769999999999996, -1.2519999999999998)"
20.019551992416385,11.503789186477661,"(0.25258133055883736, -4.5263157043842925)","(1.572851814256145, -4.75409949163821)","[0.07861458827765766, 0.07722773220554924, 0.07722773220554924, 0.07803189102027375, 0.0019733825734850868]","(-1.0269999999999997, 1.298)",6.586891354256456,"[0.1534709289235323, 0.06996178388412222, 0.06996178388412222, 0.1718560788152459, 0.06423536636423535]",True,False,"(1.5730000000000004, -4.752000000000001)"
0.21906304359436035,27.835521936416626,"(-1.2537702704784994, -2.010220928569459)","(-2.137606972301289, -0.4810392972794231)","[0.0012852105929370694, 0.00015768665800952597, 0.00015768665800974802, 0.0018938086988322667, 0.0010570821797192412]","(-2.1769999999999996, -0.5019999999999998)",0.04462243482612485,"[0.16882991312586695, 0.006270173246804296, 0.006270173246804289, 0.18228597808201208, 0.059377536447243896]",False,True,"(-0.026999999999999247, -2.802)"
0.18843698501586914,22.215188026428226,"(-0.5716917826876573, -4.260183885210291)","(0.60187180807039, -2.342772440564943)","[0.013812698005371604, 0.009113559822366613, 0.009113559822366613, 0.01210236318583835, 0.0012109431408622614]","(0.6730000000000009, -2.2520000000000002)",0.11532066446778567,"[0.15177951929909517, 0.04836679938960664, 0.04836679938960753, 0.17525722796105825, 0.05758901037166155]",False,True,"(-1.7269999999999994, -4.752000000000001)"
20.0101900100708,14.475604772567749,"(1.9542212888950012, -4.550586058637675)","(1.0728895431768617, -3.804092575162389)","[0.007218289647124454, 0.005173259707054179, 0.005173259707054179, 0.007109423444019214, 0.0022375515376043564]","(3.5230000000000006, -3.2520000000000002)",2.511542844982647,"[0.16294996187329724, 0.047677864094080924, 0.047677864094080924, 0.16568678734076236, 0.061053889036323465]",True,False,"(1.0730000000000004, -3.802)"
0.1891751289367676,96.09551692008972,"(1.7615202564017043, 1.057360499705236)","(-0.9847677083281559, -4.095934335538911)","[0.0033289052863706425, 0.0016935429449072004, 0.0016935429449072004, 0.0030531926223176242, 0.001041451647687847]","(-0.9769999999999994, -4.052)",0.04461572740544493,"[0.17732069842397236, -0.08450412737903634, -0.08450412737903634, 0.15430625545645116, 0.06684239169789509]",False,True,"(0.8230000000000004, 1.8479999999999999)"
0.16011595726013186,24.52224898338318,"(3.7200856070850494, -4.76953550821962)","(3.3434038310219427, -3.299263685325681)","[0.015681178839354715, 0.013021581328803933, 0.013021581328803933, 0.012147997028053581, 0.0008797455748727465]","(3.3230000000000013, -3.2520000000000002)",0.05147982392099749,"[0.18354539411096837, 0.04023826586714918, 0.04023826586714918, 0.1887622246578715, 0.058244371223875026]",False,True,"(4.473, -5.652)"
0.16739177703857422,48.99258923530578,"(4.610239745294135, -5.085444728202473)","(4.336193591489226, 1.925844429686396)","[0.004571491880152934, -0.002038081136563008, -0.002038081136563008, 0.002294222485919928, 0.0010116921161528998]","(4.223, 1.9480000000000004)",0.11534148624909828,"[0.17935444799743117, 0.04834993572631241, 0.04834993572631241, 0.19231881630323144, 0.058076238170559305]",False,True,"(2.7730000000000006, -4.852)"
20.043769121170047,14.237967014312744,"(-2.505429976376856, 0.29347008761668936)","(-0.8271459513091801, 0.49589824084287504)","[0.002310409667204083, -0.00024998679806181867, -0.00024998679806176316, 0.001815541952356503, 0.0013855534656854267]","(4.723000000000002, 1.9979999999999993)",5.7498199776772685,"[0.18143298975394662, -0.0013251898954593222, -0.0013251898954593777, 0.1661556527556723, 0.0630301835719504]",True,False,"(-0.827, 0.4980000000000002)"
0.199962854385376,76.37810707092284,"(3.2814088409852222, -1.7418018186790318)","(-4.295019637090526, -5.284222721628665)","[0.002948218076092246, -0.0010769894480233688, -0.0010769894480233688, 0.0038295907929111195, 0.0013080015759821312]","(-4.327, -5.3020000000000005)",0.03658927763858707,"[0.19899683606700336, -0.026788656216128803, -0.026788656216128803, 0.2048220792855434, 0.06945934211408558]",False,True,"(2.8230000000000004, -0.3019999999999996)"
20.02316093444824,11.601258039474487,"(0.27966621770691713, 2.193735250581591)","(-0.8189375731665078, 1.3939519635005253)","[0.21481843749288698, -0.015288238559849177, -0.015288238559849177, 0.14273887477204683, 0.06734670639607124]","(-2.727, 2.2479999999999993)",2.090478479521452,"[0.21481843749288698, -0.015288238559849177, -0.015288238559849177, 0.14273887477204683, 0.06734670639607124]",True,False,"(-0.9269999999999996, 1.4480000000000004)"
0.14687085151672366,14.965381145477295,"(-3.756474906200752, -4.170739030256547)","(-3.258242019666103, -3.8269647485606653)","[0.0028146535440374265, -0.002062408363368462, -0.002062408363368462, 0.0035377589182399305, 0.0012197010804613025]","(-3.2769999999999997, -3.802)",0.03122659918889806,"[0.12926702068922147, -0.006638418384117273, -0.006638418384117273, 0.17279717387953397, 0.0650507457061641]",False,True,"(-2.377, -3.652)"
20.02330708503723,11.333477020263672,"(3.0353756493662916, -2.5819242857622235)","(2.2982138089149067, -1.4017974316964195)","[0.1752510521412125, -0.006889540078079737, -0.006889540078079737, 0.1923456319596677, 0.064221023239483]","(-2.2269999999999994, -5.352)",6.006801174254592,"[0.1752510521412125, -0.006889540078079737, -0.006889540078079737, 0.1923456319596677, 0.064221023239483]",True,False,"(2.173000000000001, -1.4020000000000001)"
0.15656113624572754,97.04856991767885,"(4.580667672674808, -3.4831553117066587)","(-3.655177869379993, 0.8586247578893175)","[0.002929011095924139, 0.0002335661241970044, 0.0002335661241970044, 0.0018329428877248422, 0.000719276712120516]","(-3.627, 0.798)",0.06685322424486582,"[0.19069363117224114, 0.04299095122867058, 0.04299095122867058, 0.18146040020878473, 0.05950731508955083]",False,True,"(4.473, -5.202)"
0.1748640537261963,135.41345095634458,"(4.330710238900265, 2.7186156911562582)","(-2.056654259105249, 0.5980184933759611)","[0.0028738947722262154, 0.0006189369872338091, 0.0006189369872338091, 0.002232406771906559, 0.0013288357749921507]","(-2.127, 0.5979999999999999)",0.07034574332563695,"[0.1784517584420593, -0.056924508230292936, -0.056924508230292936, 0.18527512441148764, 0.05701343421234708]",False,True,"(2.5730000000000004, 1.8979999999999997)"
0.17080211639404294,109.73309397697449,"(-3.48418615109453, -4.242127237182371)","(4.44081303467534, -0.7888220568136823)","[0.0026069752994715145, -0.00012486023794489043, -0.00012486023794533452, 0.003309242560100789, 0.0009171826451767158]","(4.423000000000001, -0.8520000000000003)",0.06564112056933874,"[0.1317161016844115, 0.02027033897757846, 0.02027033897757846, 0.16455974991215427, 0.06355007942538213]",False,True,"(-2.0269999999999997, -3.9520000000000004)"
0.19135308265686035,49.40252494812012,"(1.6366035535691699, -3.695696175128417)","(2.60828985730586, 2.8178488045924457)","[0.0023668725170340466, -0.0002049276326392402, -0.000204927632638352, 0.0018114093512711094, 0.0009441635146444934]","(2.5730000000000004, 2.798)",0.040488875909526496,"[0.16786462375831412, 0.04153591895811992, 0.04153591895811992, 0.16681366346729298, 0.06261576839162697]",False,True,"(3.0730000000000004, -3.552)"
0.1324629783630371,31.9981849193573,"(-1.5548373471467785, -0.8780400668158768)","(-1.6131712855226903, -5.7804159648613584)","[0.010099125988844104, 0.0035644104829835044, 0.003564410482981728, 0.00337944265055512, 0.00126234144338789]","(-1.5269999999999997, -5.752000000000001)",0.09073564628984017,"[0.14949770776952676, -0.06655667567049495, -0.06655667567049495, 0.14939425769683323, 0.0676232723290398]",False,True,"(-2.877, -1.952)"
20.056554079055786,13.726233959197998,"(-0.8409474094903322, -4.000975563922419)","(0.6729470952882984, -3.5040972389349445)","[0.0036218260932854296, 0.001963889890610915, 0.001963889890610915, 0.0030276547652441366, 0.0019844438078891217]","(0.6730000000000009, -5.502000000000001)",1.9979027617655176,"[0.1645876908763117, 0.033236653972716024, 0.033236653972716024, 0.1764635390441729, 0.05847719154117776]",True,False,"(0.6730000000000009, -3.5020000000000002)"
0.2019369602203369,104.00246906280519,"(-1.4434387572547862, 1.0721212874151869)","(-0.2758515741951042, 0.9673867926336076)","[0.0033855729643106625, -0.0001403033792357622, -0.0001403033792357622, 0.0014853297162926715, 0.0006852011162149243]","(-0.27699999999999925, 0.9480000000000004)",0.01942077780233932,"[0.1787613281933904, 0.03711958469623333, 0.037119584696231556, 0.16463616105085155, 0.06116473433154132]",False,True,"(-2.5769999999999995, 2.4480000000000004)"
0.1260850429534912,18.089186906814575,"(-1.9027514768308613, -5.919490403559002)","(-3.464561664638618, -3.0853505193973407)","[0.0014915571756599633, -0.0007528412851769417, -0.0007528412851769417, 0.0018335054834679454, 0.0007144813833359823]","(-3.4269999999999996, -3.1020000000000003)",0.04108629765216604,"[0.17663373248032777, -0.007856732744816242, -0.007856732744816242, 0.1856352724475414, 0.055633345569998945]",False,True,"(-2.877, -4.752000000000001)"
20.01322293281555,12.81331205368042,"(4.856410813125372, -3.701684418376462)","(3.6230586891641, -5.104060765544341)","[0.03988864170986517, 0.039142702537816376, 0.039142702537816376, 0.041362594003519604, 0.0015955957905153955]","(1.423000000000001, -3.3520000000000003)",2.8124678063804174,"[0.19063549047024964, 0.040505924198029675, 0.040505924198029675, 0.17818167828464127, 0.05823789831233091]",True,False,"(3.623, -5.102)"
0.19325804710388186,60.40516114234924,"(-1.5025784315302402, -4.5735324699072475)","(-1.6904934596568244, -0.46649771544329055)","[0.0015443973206048511, -8.24541211673635e-05, -8.24541211673635e-05, 0.0015351430984100467, 0.0009755362873616185]","(-1.7269999999999994, -0.45199999999999996)",0.03927990887085269,"[0.12548741737096902, -0.04089302283249996, -0.04089302283249996, 0.17088132229704378, 0.06560529338081392]",False,True,"(-1.9769999999999994, -3.052)"
2.6082208156585693,48.57585620880127,"(2.2905299114530706, -4.822832697680411)","(0.6354597998218828, -4.41260817042617)","[0.07286339899100686, 0.048606769339686995, 0.04860676933968744, 0.051700501752968364, 0.6578352730111499]","(-1.6269999999999998, -1.0019999999999998)",4.092795186420623,"[0.1817700730783257, 0.04848929808446334, 0.04848929808446334, 0.17827854529261344, 0.0777749291110497]",True,False,"(0.8230000000000004, -4.602)"
0.1941370964050293,105.72528600692749,"(-1.0753138958663988, -3.4117986954148454)","(1.9391320245185861, 1.3599104930170651)","[0.002267182767703879, -0.0009201045053628398, -0.0009201045053628398, 0.0028504848772383795, 0.0009798256502956044]","(1.923000000000001, 1.298)",0.06397774113458758,"[0.16837338655195044, 0.03017087810294372, 0.03017087810294372, 0.18159479860353933, 0.06386801150759268]",False,True,"(0.7730000000000006, -3.3520000000000003)"
20.00710892677307,0.00014400482177734375,"(-1.8851729975671456, -1.7278089623909225)","(-2.2268811788087883, -0.15194503467756673)","[0.16077086936376084, 0.007895302666150239, 0.007895302666150239, 0.16312978131676792, 0.0595681868735371]","(-2.2269999999999994, -0.15200000000000014)",0.0001309185324964777,"[0.16077086936376084, 0.007895302666150239, 0.007895302666150239, 0.16312978131676792, 0.0595681868735371]",False,True,"(-2.2269999999999994, -0.15200000000000014)"
20.013176202774048,11.918033838272095,"(0.6127145068584267, 1.3736835582610012)","(0.3229714991506426, 0.24590082794572224)","[0.002305275604572693, -0.0005977281621319386, -0.0005977281621319386, 0.0018241858807572925, 0.0012467728496389223]","(3.673000000000001, -5.702)",6.82643502976337,"[0.18926509126855873, -0.010942480911181662, -0.010942480911181662, 0.1729247538245979, 0.06000956438622516]",True,False,"(0.3230000000000004, 0.24800000000000022)"
0.1880450248718261,111.71820902824402,"(4.5232334301425245, 1.4193082796182468)","(-0.7066658485430433, -2.035757858379353)","[0.0013798874261304883, 0.00012359162502173504, 0.00012359162502129095, 0.001666631467113433, 0.0010976346918586367]","(-0.7269999999999994, -2.002)",0.03940901822977722,"[0.18756072611156327, -0.04701170368787988, -0.04701170368787988, 0.19078301713826473, 0.057282485376524514]",False,True,"(3.5230000000000006, 2.0980000000000008)"
0.19277310371398929,100.90978503227234,"(1.449020239769085, -1.945102422114977)","(0.6321835689102082, 2.798878317627934)","[0.002644397690244993, -0.0007572773598285565, -0.0007572773598285565, 0.003282163268314875, 0.0005777427213098563]","(0.6730000000000009, 2.7479999999999993)",0.0652271741803736,"[0.1869730756837873, 0.010185555496115661, 0.010185555496115661, 0.17301478887705546, 0.06396894503687937]",False,True,"(2.673000000000001, -2.152)"
0.19612884521484367,80.40984010696411,"(-2.045752087363167, -3.5905663061229007)","(1.0718968966194147, 1.9263219612630424)","[0.001571373033721013, -0.0009116527598385105, -0.0009116527598385105, 0.0019378910562615204, 0.001014698260762861]","(1.0730000000000004, 1.8479999999999999)",0.07832972905071102,"[0.18916226787597257, 0.02107760072449949, 0.021077600724497714, 0.20853822947066192, 0.05021410356783129]",False,True,"(-2.3269999999999995, -5.502000000000001)"
0.13005304336547852,67.39608502388,"(-4.748517824885054, -1.9125292842854986)","(2.8154832984954212, -2.164161823323236)","[0.0021597505264354666, -0.0002093749201925732, -0.00020937492019346138, 0.003989883250071102, 0.0010412641628656772]","(2.873, -2.152)",0.058788441878590725,"[0.14985048090024833, 0.027428260762120016, 0.027428260762119905, 0.1738239397576955, 0.06647179202514071]",False,True,"(-4.327, -0.10200000000000031)"
20.017700910568237,8.931334972381592,"(3.4424577830693925, -1.712231188754497)","(2.073139402177357, -2.551939391272952)","[0.17446015512045143, -0.008965523561724531, -0.008965523561724531, 0.1971522560580521, 0.06733821749083682]","(2.2730000000000006, -1.4020000000000001)",1.1671781621343127,"[0.17446015512045143, -0.008965523561724531, -0.008965523561724531, 0.1971522560580521, 0.06733821749083682]",True,False,"(2.0730000000000004, -2.552)"
0.18875598907470706,40.231490135192864,"(2.3373453757153713, -0.7614909670120606)","(2.9296229888036134, -3.41050122167573)","[0.002053898490277817, 0.0009013661213135293, 0.0009013661213135293, 0.0024112967995737478, 0.0012133709084558414]","(2.873, -3.452)",0.07020193347380813,"[0.1670188089754463, -0.04943265275527864, -0.04943265275527864, 0.19440964831059612, 0.061936990548176134]",False,True,"(2.873, 0.34799999999999986)"
20.06747984886169,22.61833000183105,"(-1.5800518477066716, -2.1744582530186065)","(-2.1746783095195608, -0.8575631679848572)","[0.0015400864130583614, -0.0008876366045140749, -0.0008876366045140749, 0.0013448285427134499, 0.0008485734992317522]","(-3.977, -0.40200000000000014)",1.859005453461788,"[0.16506604395027402, -0.007527075723704479, -0.007527075723704479, 0.17026794003188728, 0.06160819985757495]",True,False,"(-2.1769999999999996, -0.8520000000000003)"
0.12720894813537598,6.676105976104736,"(2.107580570043196, -3.7321706131485097)","(2.5671064298915236, -4.8486481897030576)","[0.10684617528177309, 0.10013341668125975, 0.10013341668126152, 0.12517698375018682, 0.011134806546675948]","(2.5230000000000006, -4.852)",0.04423360475975847,"[0.18574682338943482, 0.03709796061401249, 0.03709796061401249, 0.19045347773467114, 0.061207708122139555]",False,True,"(3.623, -4.952)"
0.19791698455810547,19.523272037506107,"(0.13709541750060739, -3.9428345113460024)","(-2.9404942654162514, -5.147271968887132)","[0.007175490679820484, -0.0008384786611657091, -0.0008384786611674855, 0.0032027940992840342, 0.0019723774241172734]","(-2.877, -5.102)",0.07798123433023385,"[0.13989988920153884, 0.05746436262038124, 0.05746436262038124, 0.1404446063210969, 0.063897688777978]",False,True,"(-0.577, -5.452)"
0.20328807830810547,20.404366970062245,"(-0.8431186337278354, -6.003806492975875)","(-0.4958895866641237, -1.5420072363905581)","[0.0014563378648703162, 0.00023006613186360436, 0.0002300661318638264, 0.0021304028681998766, 0.0016777241853368307]","(-0.5269999999999992, -1.5019999999999998)",0.05067974725212273,"[0.14623260939833083, 0.0400099701188692, 0.04000997011886831, 0.17205361246966078, 0.06014175057593118]",False,True,"(-1.0769999999999995, -4.052)"
19.61604809761048,52.77071189880371,"(1.209671339386595, -3.3671538260535785)","(0.8310168659463396, -2.160762906933719)","[0.0013443906209613665, 0.000246367086159216, 0.00024636708615899394, 0.0019310363391911167, 0.001037818511815745]","(0.8730000000000002, -2.1020000000000003)",0.07221954566645034,"[0.15306660013876172, 0.013321704690004488, 0.013321704690005376, 0.1541097922417416, 0.06829332913889537]",False,True,"(2.4730000000000008, -2.8520000000000003)"
0.1957151889801025,54.91936802864075,"(2.608469481521216, -3.576736901025801)","(1.5735551416032854, 1.5974653638547442)","[0.0024410654794397857, -0.0015593980339385638, -0.0015593980339385638, 0.003939711953658165, 0.0014320980096637404]","(1.4730000000000008, 1.548)",0.11206319076368856,"[0.18506148657543875, 0.04821744026994068, 0.04821744026994068, 0.19033446029949985, 0.056821705667224144]",False,True,"(3.5230000000000006, -5.252000000000001)"
0.1847059726715088,20.506765127182007,"(-1.731675057059007, -4.001725492527301)","(0.4368464173692636, -3.792674444732818)","[0.02150333186634007, 0.018415347343111232, 0.018415347343111232, 0.01988981498347897, 0.0014391577262615985]","(0.5730000000000004, -3.652)",0.19577307645350905,"[0.18130131054696985, 0.023442395939129668, 0.023442395939129668, 0.19012191297088066, 0.05294875446841994]",False,True,"(-1.7269999999999994, -5.902)"
20.017795085906986,12.801723957061768,"(1.5246954291000254, -3.9249367232215917)","(1.9726177291028417, -4.854160493769477)","[0.019384418165070194, 0.01842519998883141, 0.01842519998883141, 0.01952753569364063, 0.0019815641316702727]","(-0.827, -4.402)",2.8358964263937443,"[0.16316722943635042, 0.068259901375054, 0.06825990137505578, 0.18464689183234384, 0.061502227784194126]",True,False,"(1.9730000000000008, -4.852)"
20.01901912689209,13.124260902404785,"(-1.1011132596596116, -0.3303133847906793)","(-2.727200641145902, -0.5041196568962464)","[0.0018428811804476197, -0.00020360092332105673, -0.00020360092332105673, 0.002226303414596731, 0.0022351096706607837]","(4.673000000000001, -1.6020000000000003)",7.4811971486514,"[0.15703757901444515, 0.0032287564984925243, 0.0032287564984927464, 0.17854298420445397, 0.06198702582029239]",True,False,"(-2.727, -0.5019999999999998)"
0.20579004287719727,67.96702790260315,"(2.8382922472180363, 0.6219991822806084)","(-4.101644293752399, -1.68704176707679)","[0.0024074329703367425, -0.0003163552385467838, -0.0003163552385485602, 0.002314166163257969, 0.001033591691035969]","(-4.127, -1.702)",0.02943909936631276,"[0.17623420359875452, -0.02375615319437546, -0.023756153194375462, 0.1689473327106816, 0.062047766726940436]",False,True,"(1.3230000000000004, 0.09799999999999986)"
0.18469500541687006,92.79948902130128,"(4.287427971975734, 1.5277181477190083)","(-2.534166970933421, -4.431100940294734)","[0.005422580775673147, 0.0012595908148256285, 0.0012595908148256285, 0.0029753702997261655, 0.0009588096889951686]","(-2.5269999999999997, -4.452)",0.02209380385820344,"[0.18376045584759026, -0.04229523583229822, -0.04229523583229822, 0.18658255111919275, 0.061415293687157924]",False,True,"(3.8230000000000013, -0.10200000000000031)"
20.015488862991333,0.00016999244689941406,"(1.2687744005561212, -2.093403500750976)","(2.223116309600644, -1.1019457239176125)","[0.18316658033224265, 0.0012653203960621973, 0.0012653203960621973, 0.17999010692617312, 0.06482133485414686]","(4.423000000000001, 1.2480000000000002)",3.218964609411506,"[0.18316658033224265, 0.0012653203960621973, 0.0012653203960621973, 0.17999010692617312, 0.06482133485414686]",True,False,"(2.2230000000000008, -1.1020000000000003)"
0.12416601181030272,130.82499003410342,"(-1.0796693607892422, -1.8775219137922168)","(0.8381585532469992, -5.905816470764564)","[0.0036296972748955936, 0.0011918398062888969, 0.0011918398062888969, 0.0032468620160059913, 0.0011764410545682172]","(0.7730000000000006, -5.952)",0.07986585900046604,"[0.15059671485747828, -0.05530060247669155, -0.05530060247669155, 0.1560534132135043, 0.06455283050895544]",False,True,"(-2.6769999999999996, -2.2520000000000002)"
0.19899678230285645,112.92098903656006,"(1.174755808323292, 2.9676174644533635)","(-0.6964041102479338, -1.1064601851179818)","[0.0019284357931449447, -3.872842414220923e-05, -3.872842414220923e-05, 0.0022485218783603322, 0.000862441766792558]","(-0.7269999999999994, -1.1020000000000003)",0.030919277498143737,"[0.1565964412489973, -0.08264838958309628, -0.08264838958309628, 0.1490080263006326, 0.06640218603555813]",False,True,"(1.173000000000001, 1.548)"
0.13294696807861328,45.09938597679138,"(2.1102968840662912, -0.13106775556429895)","(4.699932224985892, -4.489114385022973)","[0.006516243847762837, 0.004936280403228466, 0.004936280403228466, 0.006151502042538226, 0.000988570339385492]","(4.623, -4.602)",0.13660794014266306,"[0.1597449958337367, -0.07533504870807328, -0.07533504870807328, 0.15572905344761923, 0.06826669263468911]",False,True,"(1.7230000000000008, 0.8979999999999997)"
0.2007231712341309,44.335449934005744,"(-1.0262712733946164, 1.6783355277946603)","(-2.7248156953768925, -5.187997906592666)","[0.004088116570621025, -0.001261437034852264, -0.001261437034852264, 0.0020534291660396775, 0.0010157630699755733]","(-2.6769999999999996, -5.202)",0.04982368256325019,"[0.183165335109588, -0.00692405526369394, -0.006924055263693968, 0.17395540580149962, 0.062221800043116164]",False,True,"(-0.7769999999999992, -0.3019999999999996)"
0.1458299160003662,124.90485405921936,"(-1.760081088167413, -3.5354705407328835)","(1.9456503633076727, -4.69978053959186)","[0.001563875386143998, 0.0006776971619366634, 0.0006776971619366634, 0.0022824170003552524, 0.0014441097687084591]","(1.8730000000000002, -4.752000000000001)",0.08947037126364353,"[0.1483552862031825, -0.038327832309867915, -0.038327832309867915, 0.17742842864741704, 0.05987269754671933]",False,True,"(-3.6769999999999996, -3.1020000000000003)"
0.1324019432067871,130.40594601631165,"(-1.8989605489037442, -0.4972224700229704)","(2.606147544110528, 2.2634667024696813)","[0.0026965814144173095, -0.0023901412921176757, -0.0023901412921176757, 0.006772760204134087, 0.001000300120234207]","(2.623, 2.1980000000000004)",0.06760099408855111,"[0.1290385501174356, 0.025531272256085702, 0.025531272256085813, 0.1724580608209425, 0.06511733570707125]",False,True,"(-3.4269999999999996, -0.10200000000000031)"
0.1495530605316162,22.36535096168518,"(-1.4318839243293902, 0.8862268348749783)","(-0.7765438799507721, 1.3673212167942093)","[0.10979000239371217, 0.017345789858011162, 0.017345789858011162, 0.06301054098682979, 0.04118681569325407]","(2.2230000000000008, -3.7520000000000002)",5.933355981943902,"[0.21401536678191255, 0.00618912736706545, 0.006189127367065561, 0.14685098455766932, 0.0663244973734094]",True,False,"(-0.4269999999999996, 1.4980000000000002)"
20.031394004821774,26.788410902023315,"(-2.6468512220637583, -3.845381210467317)","(-1.0794306287502302, -4.708094409353819)","[0.004871783425835607, 0.003358282925524314, 0.003358282925524314, 0.003531967485244536, 0.001425346076059733]","(2.2230000000000008, -3.302)",3.5893104554668587,"[0.14647697801540738, 0.04882922002985435, 0.04882922002985435, 0.16756325038285524, 0.06328808822583888]",True,False,"(-1.0769999999999995, -4.702)"
0.1927189826965332,77.90092706680299,"(-2.677399412353785, 0.7700849582142606)","(-4.3494690877616495, 0.024513443447531078)","[0.002820049545142922, 8.198943279379145e-05, 8.198943279379145e-05, 0.0017344068627398845, 0.0009328220060153877]","(-4.327, -0.0019999999999997797)",0.03475374207601431,"[0.15602103529956324, -0.012330357946276127, -0.012330357946276571, 0.17536435633728042, 0.060812455241708564]",False,True,"(-2.4769999999999994, -0.8520000000000003)"
0.21500301361083984,46.89012598991394,"(0.7690100035387836, 1.6135999746783807)","(-4.720144508200263, 0.3931084967951325)","[0.003674257871601583, -0.0005835020715139194, -0.0005835020715141415, 0.003892984878381592, 0.0017422518543511844]","(-4.726999999999999, 0.29800000000000004)",0.09535525119491836,"[0.1725536483033584, -0.03574795064189851, -0.03574795064189851, 0.1649859321490572, 0.06008817138030222]",False,True,"(0.7230000000000008, 2.8480000000000008)"
0.20427489280700686,57.41048002243042,"(-2.5850506224428567, 1.5795569424265528)","(-3.8638339115187534, -3.868797314051696)","[0.0021291530055407293, -0.0008870827540903292, -0.0008870827540885529, 0.002710079012180344, 0.000969641280486983]","(-3.877, -3.8520000000000003)",0.021342343949231585,"[0.17318080460493634, 0.005499742439954436, 0.005499742439954436, 0.16089646182143402, 0.059303044331097544]",False,True,"(-1.6269999999999998, 0.29800000000000004)"
0.19295001029968264,95.02172780036926,"(-2.3589034886473046, 2.432364112004513)","(-2.1293122352891922, -0.28691373259527875)","[0.002251554077841611, 0.0001936675303623181, 0.0001936675303623181, 0.0010145583270573105, 0.0013347783748835023]","(-2.1769999999999996, -0.3019999999999996)",0.05001718072142879,"[0.17444618488078412, 0.049727658721298695, 0.049727658721298695, 0.17490908428268437, 0.05899302936451921]",False,True,"(-3.4269999999999996, 2.3979999999999997)"
20.01919507980347,15.528887033462524,"(-1.4053534252580375, -0.8716143969216705)","(-0.4270362014838214, -1.9540945423942013)","[0.0015150382268721285, -0.00025265406641505894, -0.00025265406641505894, 0.0013753286138711296, 0.0018644252471162897]","(3.0730000000000004, -5.3020000000000005)",4.843420729687232,"[0.1677226009495235, -0.011199512983486315, -0.011199512983486315, 0.19088626988705615, 0.05873710225509699]",True,False,"(-0.4269999999999996, -1.952)"
0.13677501678466794,69.27763295173645,"(-4.673552850870819, -3.995844040668095)","(2.170754609421933, 2.379693672444143)","[0.0023616149005594167, -0.002197766516401245, -0.002197766516401245, 0.005874263863073104, 0.0007717175031273714]","(2.2230000000000008, 2.298)",0.09697132026566303,"[0.15925275488574542, -0.033447820558254904, -0.033447820558254904, 0.18694305238466136, 0.057408897993076274]",False,True,"(-4.276999999999999, -2.802)"
0.13999700546264648,45.30134797096253,"(-3.0233097650069265, 1.5476640848902758)","(-1.058207868403338, -5.28459222494324)","[0.0038684488602129807, 0.0010446432601183275, 0.0010446432601183275, 0.0021975904112494504, 0.0016541697780794275]","(-1.0269999999999997, -5.3020000000000005)",0.03573460063729349,"[0.13561467053725274, 0.014109052925155074, 0.014109052925155074, 0.17260084588320274, 0.06359972383548246]",False,True,"(-3.4269999999999996, -0.2519999999999998)"
0.195997953414917,11.397027969360352,"(-0.7655897719693072, -5.189126943840468)","(-0.664336120293094, -5.069499605267975)","[0.028476415408664912, 0.02411550389070438, 0.024115503890703938, 0.024492101292022284, 0.0049366598298735236]","(-0.5269999999999992, -4.952)",0.18074116071135896,"[0.17609835702390253, 0.009590483411995976, 0.009590483411995976, 0.19941374440730186, 0.0493383097752126]",False,True,"(-2.4769999999999994, -5.0520000000000005)"
20.025187969207767,15.984535217285154,"(0.9958076269908036, -2.7004203948082037)","(0.07295375292039605, -1.5040958365289194)","[0.0022141181406295177, 0.0003281542168942636, 0.0003281542168942636, 0.002182027969427569, 0.0017421689306992669]","(4.623, -1.3019999999999996)",4.554532201851855,"[0.18056888568185053, -0.009857929004960853, -0.009857929004960908, 0.17876739508204498, 0.06077708347695217]",True,False,"(0.0730000000000004, -1.5019999999999998)"
0.2062361240386963,19.524365901947018,"(2.0897801982701347, -3.430327175376992)","(1.0616489687656483, -2.8893490342655834)","[0.0006935485845147582, -0.00012914183393153422, -0.00012914183393153422, 0.0019400421663089418, 0.0010230375847850158]","(1.1230000000000002, -2.902)",0.06264180686675483,"[0.18089367096356446, -0.008419074188892761, -0.008419074188892761, 0.43721838891416276, 0.25600353130219683]",False,True,"(1.0230000000000006, -2.202)"
0.18596792221069336,111.62433791160583,"(3.3506017840661175, 0.942183363716101)","(-1.4482441744017531, -4.904999064670252)","[0.0039445088268821316, 0.0027927693833751377, 0.0027927693833751377, 0.003489487659724233, 0.0011737062234476717]","(-1.3769999999999998, -4.852)",0.08879545732811453,"[0.17800529828612355, -0.04084796239567523, -0.04084796239567523, 0.18607507849219207, 0.062004767870106614]",False,True,"(3.673000000000001, -0.2519999999999998)"
0.1878969669342041,58.91725707054138,"(-3.290287932624462, -5.835400873992806)","(-2.1972290969376114, 2.8028705610884055)","[0.003627484304823625, 0.0011724598293163524, 0.0011724598293163524, 0.0027737465950981033, 0.001558233729744154]","(-2.1769999999999996, 2.7479999999999993)",0.05848072192669825,"[0.18241894799692293, -0.00820521039178601, -0.00820521039178601, 0.19844373910197177, 0.0511321310615983]",False,True,"(-2.6769999999999996, -4.902)"
0.17293596267700195,14.695430040359495,"(-3.4415476095386337, -3.773556947798647)","(-2.91214951086879, -4.464343591451421)","[0.02105406371215146, -0.01073469663259985, -0.01073469663259985, 0.013065591102499496, 0.002484124451637986]","(-2.877, -4.452)",0.0372538905919204,"[0.1574641627423361, -0.037884145714317086, -0.037884145714317086, 0.1894103135360874, 0.0582181152397303]",False,True,"(-4.276999999999999, -2.802)"
0.18672895431518555,122.92215704917908,"(3.5738568929677963, 1.5865876187144325)","(1.61296848575794, -3.5072324667774777)","[0.002683888385872635, 0.0024737442843782986, 0.002473744284379187, 0.007636816529629442, 0.0008641169701561961]","(1.673000000000001, -3.452)",0.08157455539884934,"[0.17554008549006817, -0.04417452485302187, -0.044174524853021646, 0.19195706295027948, 0.06327007570719156]",False,True,"(3.0230000000000006, 0.6479999999999997)"
20.022619009017944,25.47304892539978,"(0.933025768672465, 0.8142348913834949)","(0.2405793966655275, 1.7053460672600615)","[0.002290942475628166, 0.0014399672172780154, 0.0014399672172777933, 0.0021698606821312083, 0.005170966658382504]","(4.023000000000001, -1.0519999999999996)",4.680775892431045,"[0.24883620914712581, -0.08427943865152149, -0.08427943865152149, 0.2234000885581251, 0.09038587509076394]",True,False,"(0.42300000000000093, 1.9480000000000004)"
20.012917995452877,14.430124998092651,"(-1.4541293405676328, -3.597039098985829)","(-1.6272228240004027, -2.304124297744861)","[0.0019801723722343567, -0.00029870897865746926, -0.00029870897865702517, 0.0018080452408772985, 0.0018478745316119149]","(0.8730000000000002, -5.852)",4.340338255056275,"[0.14751098655003458, -0.023965942325131717, -0.023965942325132605, 0.1714370178091924, 0.06106469575740917]",True,False,"(-1.6269999999999998, -2.302)"
0.1927490234375,27.718427181243896,"(4.2763901495721495, -1.4534105928941283)","(0.8851451144484987, -2.828230646824211)","[0.0011629225123094278, 0.0003570504845837874, 0.0003570504845837874, 0.0015280462963183084, 0.0011615664174410294]","(0.8730000000000002, -2.902)",0.0747624322299738,"[0.1979374489381147, 0.02317351820795821, 0.02317351820795821, 0.17651555575653255, 0.0675050712026809]",False,True,"(3.2730000000000006, -2.002)"
0.19554805755615234,75.8115289211273,"(3.7780335254557356, -0.7384173417259066)","(-3.699521938620836, 2.2613032438803247)","[0.0015448208151020992, 0.0010242912780693558, 0.0010242912780693558, 0.003714656958559992, 0.0011999632362693982]","(-3.7269999999999994, 2.1980000000000004)",0.06900974237692012,"[0.17825389593788188, 0.03442109584108266, 0.03442109584108266, 0.16022576802597843, 0.0635654016499551]",False,True,"(4.073000000000001, -2.6020000000000003)"
0.1300818920135498,4.3825340270996085,"(-4.595758722957059, 2.0265387283274863)","(-2.4790737011937147, 1.7128748194753305)","[0.12045009665334838, 0.08683471947110988, 0.08683471947110988, 0.10640360512223879, 0.04200335416619599]","(-2.4269999999999996, 1.6980000000000004)",0.054156538021147435,"[0.17572955614137342, 0.0659667081102624, 0.0659667081102624, 0.15709693137732073, 0.06378382924565375]",False,True,"(-2.9269999999999996, 1.6479999999999997)"
0.17945504188537598,136.24584794044495,"(4.611558935251819, 2.0372650945212576)","(-0.7499733085942627, -1.4088695323746718)","[0.0022234164063393846, 0.00047209521222013606, 0.00047209521222013606, 0.0015855634305879107, 0.0010929555126411358]","(-0.7769999999999992, -1.4020000000000001)",0.027886063246496017,"[0.19746593157925574, -0.03852226075846721, -0.03852226075846721, 0.19499747000626738, 0.06112552451655196]",False,True,"(4.673000000000001, 0.3979999999999997)"
20.016591787338253,25.898999214172363,"(-3.3000231106820146, 0.42533130760901255)","(-2.034647149834886, 0.08699623782266114)","[0.0013530403689676618, -0.0002593339005822204, -0.00025933390058224814, 0.001604137941178349, 0.0012097052732184172]","(1.673000000000001, -0.8520000000000003)",3.8247040829747694,"[0.17646497524635496, 0.012044242353343337, 0.012044242353343393, 0.16312496845563723, 0.06119965427869743]",True,False,"(-2.0269999999999997, 0.09799999999999986)"
0.20261311531066886,67.67886590957643,"(-2.6142241550637246, -4.92629785375919)","(-3.162557393558712, -0.024055678778245073)","[0.0022462378374363823, 0.0008815529199115713, 0.0008815529199115713, 0.004006389800934345, 0.0018878025149429174]","(-3.2269999999999994, -0.0519999999999996)",0.07024054821462651,"[0.13871083876731483, -0.02650874279308546, -0.02650874279308546, 0.1660125850633758, 0.06453897318622864]",False,True,"(-2.9269999999999996, -3.5020000000000002)"
20.01532602310181,26.80442905426025,"(2.144535254012769, -3.1317515207625277)","(0.8711764981524417, -1.6079099768170715)","[0.002421603720316523, -5.162919494483553e-05, -5.162919494461349e-05, 0.0021414334580218686, 0.0016918190204667151]","(1.8730000000000002, -0.952)",1.1974423687770015,"[0.16721621583660307, -0.0066600124049753795, -0.0066600124049753795, 0.17865194262754702, 0.06697876911483797]",True,False,"(0.8730000000000002, -1.6020000000000003)"
0.1884169578552246,20.38660001754761,"(2.1107049264577067, 1.3683974397660201)","(4.48289900351784, 2.102764204251172)","[0.0484708978647852, -0.04451834038312441, -0.04451834038312441, 0.04507030139932233, 0.0009815900305909639]","(4.473, 2.0980000000000008)",0.010985805058942644,"[0.1734042034631722, -0.06790928648026551, -0.06790928648026551, 0.16087888806019368, 0.06143440797693659]",False,True,"(1.2730000000000006, 2.1479999999999997)"
0.18475794792175293,29.308789014816284,"(0.707538432708857, 1.0684580460955746)","(-1.0045841688488835, 2.158187533877425)","[0.001108879493342707, -9.792117437701364e-05, -9.792117437701364e-05, 0.001832173017741745, 0.002316951066983753]","(-1.0269999999999997, 2.048)",0.11244448456097783,"[0.18047631666472252, -0.058696610908517854, -0.058696610908517854, 0.18355548060044224, 0.058345064363414356]",False,True,"(2.0230000000000006, 2.4979999999999993)"
0.1904768943786621,45.472023010253906,"(2.807796396916581, -1.3392915465459287)","(2.0907028069376716, 2.7225707308970186)","[0.00478902727497843, -0.0022934027539927015, -0.0022934027539935897, 0.0041901877983718805, 0.0011323436601117095]","(1.9730000000000008, 2.7479999999999993)",0.12041843084892954,"[0.19602266628841392, 0.04446105594873195, 0.04446105594873195, 0.1541728565014564, 0.06413892871498308]",False,True,"(3.5730000000000013, -2.652)"
0.19693708419799805,55.16607999801636,"(0.9128206675892838, 2.278197554863361)","(-2.377782674100991, 0.9863453770536452)","[0.0017045298414988252, 0.0009364181262148108, 0.0009364181262152549, 0.004197158383235866, 0.0016737965603734004]","(-2.4269999999999996, 0.9980000000000002)",0.0505784084829776,"[0.18440942135206156, -0.007270703202977902, -0.007270703202977902, 0.16387942633148866, 0.06153590907073575]",False,True,"(-0.1769999999999996, 0.9480000000000004)"
0.1979420185089112,32.46358299255371,"(-4.104000016738677, -2.8074163635600016)","(-0.19480195272829628, -3.763463567318442)","[0.0016179544323124198, 0.0004604877477187852, 0.0004604877477187852, 0.0030550363995196506, 0.0011393778304216147]","(-0.1769999999999996, -3.702)",0.06398968376581604,"[0.15362117228776917, -0.032857691275511414, -0.032857691275511414, 0.18856589613567465, 0.05994504746327643]",False,True,"(-3.4769999999999994, -3.8520000000000003)"
0.17252206802368164,41.39768099784849,"(0.4009797200096007, -4.876135406815293)","(-3.4660382404215135, -2.119010682482316)","[0.0018923970927424705, -3.604678415580764e-05, -3.604678415580764e-05, 0.0010719845274618223, 0.0007779902231156846]","(-3.4769999999999994, -2.1020000000000003)",0.020236686773547768,"[0.16003860835246628, 0.03906493532128352, 0.03906493532128352, 0.16923582723228137, 0.05995401038520339]",False,True,"(-0.3769999999999998, -4.152)"
20.015047788619995,14.373613119125366,"(1.8444062097352991, -6.090878116619872)","(0.17306445539464071, -6.004068172559266)","[0.02136571897944481, 0.021205324452119978, 0.021205324452119978, 0.024329483263358043, 0.0024735982719199462]","(0.8730000000000002, 1.4980000000000002)",7.534649071611015,"[0.14217643544282513, 0.0612423119505352, 0.0612423119505352, 0.13673101852413794, 0.06354433412480512]",True,False,"(0.17300000000000093, -6.002000000000001)"
20.029293060302734,27.853749990463253,"(-1.7745906272044083, -2.8075755903309734)","(-0.574480178004858, -4.157651321931984)","[0.0033299751064797545, 0.0023235558609480123, 0.0023235558609480123, 0.0032365533424254522, 0.0010064517407816576]","(-3.4769999999999994, 0.09799999999999986)",5.151231842087497,"[0.15136579656495142, 0.03326593539421374, 0.03326593539421374, 0.16124713085570264, 0.05845034665295052]",True,False,"(-0.577, -4.152)"
0.223160982131958,29.427922010421753,"(-1.936549449231103, -2.417791084413723)","(-4.345412277594852, -0.10542133370858364)","[0.0019593095055974175, 0.0012414578503525675, 0.001241457850352512, 0.0021800141014803476, 0.0014388592505653142]","(-4.327, -0.10200000000000031)",0.018727452858714248,"[0.140391551474206, -0.03708012573541275, -0.03708012573541275, 0.1776246123421341, 0.06336152634918274]",False,True,"(-3.1769999999999996, -3.202)"
0.16478204727172852,130.37216186523438,"(-3.495922196458278, 0.7603259659990054)","(0.3857678130792303, 2.4974221962420065)","[0.001177575569365985, -0.0010244996056529843, -0.0010244996056529843, 0.0030769421733838342, 0.0018355841683566994]","(0.3730000000000002, 2.3979999999999997)",0.10023866597481364,"[0.14565298230130708, -0.01214012327349323, -0.01214012327349323, 0.18827185027696425, 0.06501430442996159]",False,True,"(-3.2769999999999997, -0.7519999999999998)"
20.012804985046387,15.262537956237793,"(-1.8265497963815467, 2.1938956323356225)","(-1.526927001119128, 1.0459427478531418)","[0.002367196139359873, -0.0001782902719200674, -0.00017829027191984537, 0.0020587162003609105, 0.0018071475180440014]","(3.923000000000001, 0.3979999999999997)",5.488308858111289,"[0.17977610848156633, 0.005923071098341559, 0.005923071098341559, 0.15028659253111543, 0.061509183239358056]",True,False,"(-1.5269999999999997, 1.048)"
20.027866125106808,11.516887903213501,"(4.027565547967196, 0.6909240349618997)","(3.1876091159328532, -0.5008411677942661)","[0.18651203145575046, -0.04963736859227974, -0.049637368592280184, 0.18004659118669958, 0.06587661554034918]","(1.423000000000001, -3.202)",3.2264693348668865,"[0.18651203145575046, -0.04963736859227974, -0.049637368592280184, 0.18004659118669958, 0.06587661554034918]",True,False,"(3.123, -0.5519999999999996)"
20.010257959365845,27.2587730884552,"(-0.9347933413817016, 0.4616628366310378)","(-1.9796716741395584, -0.008153441034994062)","[0.0012096068975830931, -0.000412917505689836, -0.000412917505689836, 0.0014847236899989485, 0.001415655690387867]","(2.3230000000000004, 0.29800000000000004)",4.313549984050315,"[0.16578074536025378, 0.00670931335767643, 0.006709313357676432, 0.16880571476156897, 0.06182096086496479]",True,False,"(-1.9769999999999994, -0.0019999999999997797)"
