dead_reakoing_mean_dist,dead_reakoing_mean_step,dead_reakoing_percent,fake_location,goal_location,metric-0,metric-1,metric-2,metric-3,real_location,calculation_time_without_oracle,execute_time_without_oracle,final_location_without_oracle,finish_covariancewithout_oracle,how_far_from_goal_without_oracle,init_covariance,move_base_status_aborted_without_oracle,move_base_status_finish_without_oracle,number_of_replans,started_plan,dead_lenght
8.32823692995782,68.16,0.0,"(-4.673552850870819, -3.995844040668095)","(2.2230000000000008, 2.298)",366.0,31163.959822222216,1666.831974451303,,"(-4.276999999999999, -2.802)",,,,,,,,,,,
5.160732857870528,23.83333333333333,0.0,"(-1.0753138958663988, -3.4117986954148454)","(1.923000000000001, 1.298)",643.0,9118.087288888888,1894.7488043107473,,"(0.7730000000000006, -3.3520000000000003)",,,,,,,,,,,
6.1694466007851565,5.566666666666666,0.0,"(0.25258133055883736, -4.5263157043842925)","(-1.0269999999999997, 1.298)",337.0,4112.185822222223,446.3007234807554,27.668787256217108,"(1.5730000000000004, -4.752000000000001)",,,,,,,,,,,
1.0618524837812149,57.2,0.04733333333333335,"(-3.4415476095386337, -3.773556947798647)","(-2.877, -4.452)",87.0,337.0871555555556,150.9230018649813,5.673447320762758,"(-4.276999999999999, -2.802)",,,,,,,,,,,
4.59273590004121,38.24,0.0013333333333333335,"(1.449020239769085, -1.945102422114977)","(0.6730000000000009, 2.7479999999999993)",698.0,36737.13888888888,2557.6333456254065,17.09572950030757,"(2.673000000000001, -2.152)",,,,,,,,,,,
4.620913795931786,37.806666666666665,0.0,"(2.608469481521216, -3.576736901025801)","(1.4730000000000008, 1.548)",335.0,7648.963955555555,603.1423063024763,12.289971267962013,"(3.5230000000000006, -5.252000000000001)",,,,,,,,,,,
3.276377829588004,6.166666666666668,0.0006666666666666668,"(0.13709541750060739, -3.9428345113460024)","(-2.877, -5.102)",94.0,4146.2588888888895,457.9956910711968,26.505337553056286,"(-0.577, -5.452)",,,,,,,,,,,
3.698738394877123,16.14,0.0,"(0.933025768672465, 0.8142348913834949)","(4.023000000000001, -1.0519999999999996)",264.0,3669.191822222222,1174.7392738850808,15.605712913870699,"(0.42300000000000093, 1.9480000000000004)",,,,,,,,,,,
4.0860811979561165,194.38,0.022000000000000002,"(4.027565547967196, 0.6909240349618997)","(1.423000000000001, -3.202)",0.0,4097.436666666665,3990.847991155397,14.352776250878145,"(3.123, -0.5519999999999996)",,,,,,,,,,,
6.130073829647897,324.48,0.09066666666666666,"(4.580667672674808, -3.4831553117066587)","(-3.627, 0.798)",537.0,47398.20715555557,2099.6035995707143,11.703795408599975,"(4.473, -5.202)",,,,,,,,,,,
3.7403178243895656,52.70666666666666,0.0,"(-1.5800518477066716, -2.1744582530186065)","(-3.977, -0.40200000000000014)",426.0,11817.488888888889,1279.7248843514035,17.043633068681785,"(-2.1769999999999996, -0.8520000000000003)",,,,,,,,,,,
1.4834664916592135,19.12,0.006,"(1.209671339386595, -3.3671538260535785)","(0.8730000000000002, -2.1020000000000003)",0.0,795.9639555555556,216.26741917240082,53.89086337565329,"(2.4730000000000008, -2.8520000000000003)",,,,,,,,,,,
1.6526797585368955,23.54666666666667,0.028,"(2.107580570043196, -3.7321706131485097)","(2.5230000000000006, -4.852)",45.0,437.57048888888886,116.93343919816448,14.818864921926146,"(3.623, -4.952)",,,,,,,,,,,
6.4493767269195255,49.41333333333333,0.0013333333333333335,"(-2.942555154234705, -5.296129709251616)","(-3.4769999999999994, 2.3979999999999997)",260.0,2316.6451555555554,1235.6060500958506,3.4975731416441103,"(-3.5269999999999997, -4.152)",,,,,,,,,,,
3.4404102951616387,72.55333333333333,0.027333333333333338,"(-2.6468512220637583, -3.845381210467317)","(2.2230000000000008, -3.302)",150.0,3394.9902666666667,1141.8041414671213,24.955547341839804,"(-1.0769999999999995, -4.702)",,,,,,,,,,,
1.7334453490749555,27.97333333333333,0.0,"(2.144535254012769, -3.1317515207625277)","(1.8730000000000002, -0.952)",108.0,15986.945066666667,377.044714481236,16.87174182734083,"(0.8730000000000002, -1.6020000000000003)",,,,,,,,,,,
6.129868082403506,20.006666666666668,0.0,"(-1.1011132596596116, -0.3303133847906793)","(4.673000000000001, -1.6020000000000003)",781.0,79189.69906666668,2580.3717187032817,10.51984423624262,"(-2.727, -0.5019999999999998)",,,,,,,,,,,
4.4333123447414815,28.31333333333333,0.0013333333333333335,"(1.174755808323292, 2.9676174644533635)","(-0.7269999999999994, -1.1020000000000003)",729.0,119242.27666666669,1455.925465482371,14.758806505406515,"(1.173000000000001, 1.548)",,,,,,,,,,,
2.027377176474724,625.8866666666668,0.08466666666666665,"(4.5232334301425245, 1.4193082796182468)","(-0.7269999999999994, -2.002)",739.0,78802.82262222221,2048.242240273848,12.216568103928815,"(3.5230000000000006, 2.0980000000000008)",,,,,,,,,,,
4.856949722146351,17.446666666666665,0.0,"(0.4009797200096007, -4.876135406815293)","(-3.4769999999999994, -2.1020000000000003)",264.0,4697.854622222222,948.7183976697916,16.95513279127133,"(-0.3769999999999998, -4.152)",,,,,,,,,,,
1.1425870267978655,5.8133333333333335,0.05666666666666665,"(2.0897801982701347, -3.430327175376992)","(1.1230000000000002, -2.902)",27.0,2276.8330666666666,116.11121904522899,36.372906812148315,"(1.0230000000000006, -2.202)",,,,,,,,,,,
2.629996360095812,29.28,0.0,"(-0.8409474094903322, -4.000975563922419)","(0.6730000000000009, -5.502000000000001)",781.0,8024.5212888888855,3593.1619948046086,10.000741522910092,"(0.6730000000000009, -3.5020000000000002)",,,,,,,,,,,
3.837494459303235,33.486666666666665,0.006,"(-0.8431186337278354, -6.003806492975875)","(-0.5269999999999992, -1.5019999999999998)",111.0,35844.07573333334,134.3325654347613,27.528962483875777,"(-1.0769999999999995, -4.052)",,,,,,,,,,,
0.96727553612767,47.22666666666667,0.04466666666666666,"(3.7200856070850494, -4.76953550821962)","(3.3230000000000013, -3.2520000000000002)",107.0,414.5388888888888,137.42644767819593,14.318152811902811,"(4.473, -5.652)",,,,,,,,,,,
1.5959906041235956,650.24,0.08333333333333331,"(4.611558935251819, 2.0372650945212576)","(-0.7769999999999992, -1.4020000000000001)",781.0,114608.0176,2041.4284641854133,11.763228491389615,"(4.673000000000001, 0.3979999999999997)",,,,,,,,,,,
4.048966376347324,7.96,0.0,"(0.9958076269908036, -2.7004203948082037)","(4.623, -1.3019999999999996)",781.0,36718.396622222215,3237.167067427787,11.107837516562684,"(0.0730000000000004, -1.5019999999999998)",,,,,,,,,,,
4.267891816163649,136.06666666666666,0.04533333333333334,"(-3.0233097650069265, 1.5476640848902758)","(-1.0269999999999997, -5.3020000000000005)",264.0,9250.419955555555,1161.1186585527198,5.7458136453603705,"(-3.4269999999999996, -0.2519999999999998)",,,,,,,,,,,
1.4752053304865014,23.85333333333333,0.024000000000000004,"(3.4424577830693925, -1.712231188754497)","(2.2730000000000006, -1.4020000000000001)",50.0,41700.48395555556,94.38081029783855,14.326229028895746,"(2.0730000000000004, -2.552)",,,,,,,,,,,
3.7635804108863096,153.82666666666663,0.034666666666666665,"(-2.5850506224428567, 1.5795569424265528)","(-3.877, -3.8520000000000003)",390.0,2996.853333333333,2235.5384076283913,13.980232820678413,"(-1.6269999999999998, 0.29800000000000004)",,,,,,,,,,,
7.748250414865649,15.06,0.0,"(0.6127145068584267, 1.3736835582610012)","(3.673000000000001, -5.702)",419.0,7566.9764,1124.0725702141124,15.509087309928358,"(0.3230000000000004, 0.24800000000000022)",,,,,,,,,,,
3.444288361568235,47.04666666666667,0.0046666666666666645,"(-0.31551056603955374, 2.909124283134574)","(-2.8269999999999995, 0.09799999999999986)",0.0,125890.50795555554,555.1217676212597,12.580631399969187,"(0.6730000000000009, 1.9979999999999993)",,,,,,,,,,,
1.3713047041684985,52.14666666666667,0.035333333333333335,"(-3.756474906200752, -4.170739030256547)","(-3.2769999999999997, -3.802)",84.0,640.2771555555555,78.0319023551148,5.092075639779721,"(-2.377, -3.652)",,,,,,,,,,,
3.9457501096626477,22.286666666666665,0.0,"(-1.4541293405676328, -3.597039098985829)","(0.8730000000000002, -5.852)",781.0,30789.412488888887,3861.158223214181,9.501557513329637,"(-1.6269999999999998, -2.302)",,,,,,,,,,,
3.671858721405853,84.89333333333333,0.002666666666666667,"(-3.3000231106820146, 0.42533130760901255)","(1.673000000000001, -0.8520000000000003)",194.0,11808.243733333333,671.350722916308,17.069829706561123,"(-2.0269999999999997, 0.09799999999999986)",,,,,,,,,,,
5.789060448361648,158.98666666666668,0.034666666666666665,"(3.2814088409852222, -1.7418018186790318)","(-4.327, -5.3020000000000005)",0.0,17593.5524,1701.6168430018188,24.977274427516733,"(2.8230000000000004, -0.3019999999999996)",,,,,,,,,,,
8.10250366263328,79.69333333333333,0.0,"(-4.673552850870819, -3.995844040668095)","(2.2230000000000008, 2.298)",377.0,30368.3376,1721.2343606387867,7.64336086277247,"(-4.276999999999999, -2.802)",,,,,,,,,,,
1.6237950413766604,15.993333333333334,0.0,"(0.35277492369418484, -0.4711993640419503)","(-1.2769999999999997, -0.15200000000000014)",109.0,1567.4357333333335,164.77891682507462,25.95279912395297,"(-0.6769999999999996, -1.2519999999999998)",,,,,,,,,,,
1.7516875003510812,21.473333333333333,0.0,"(-1.4434387572547862, 1.0721212874151869)","(-0.27699999999999925, 0.9480000000000004)",668.0,36224.905066666666,115.50476170857144,18.86991774368886,"(-2.5769999999999995, 2.4480000000000004)",,,,,,,,,,,
7.265696919483164,76.48,0.0,"(-3.225726755593967, 0.5417028345099428)","(2.8230000000000004, -2.702)",592.0,15811.972622222223,1868.7481478701443,11.473243991257483,"(-1.8769999999999998, 1.548)",,,,,,,,,,,
2.986952462744061,71.23333333333333,0.0,"(-4.104000016738677, -2.8074163635600016)","(-0.1769999999999996, -3.702)",188.0,2622.447288888889,1282.6940861959038,14.652445686803462,"(-3.4769999999999994, -3.8520000000000003)",,,,,,,,,,,
3.724178754489948,58.75333333333333,0.010666666666666668,"(-1.5548373471467785, -0.8780400668158768)","(-1.5269999999999997, -5.752000000000001)",188.0,4794.297288888888,987.0454034777284,24.46614669535209,"(-2.877, -1.952)",,,,,,,,,,,
4.2089288049813325,24.606666666666666,0.0,"(-1.760081088167413, -3.5354705407328835)","(1.8730000000000002, -4.752000000000001)",750.0,19654.29888888889,3984.5223149098592,9.19581151039932,"(-3.6769999999999996, -3.1020000000000003)",,,,,,,,,,,
1.4890465816803171,18.126666666666665,0.0,"(-1.2537702704784994, -2.010220928569459)","(-2.1769999999999996, -0.5019999999999998)",136.0,2783.441288888889,254.11708006743686,10.101887570985888,"(-0.026999999999999247, -2.802)",,,,,,,,,,,
0.7163076645948375,13.86,0.0033333333333333327,"(-0.7655897719693072, -5.189126943840468)","(-0.5269999999999992, -4.952)",82.0,14965.677155555557,49.14633789761405,38.45352980352981,"(-2.4769999999999994, -5.0520000000000005)",,,,,,,,,,,
5.016586680728036,26.42,0.0,"(2.1102968840662912, -0.13106775556429895)","(4.623, -4.602)",262.0,5333.369066666667,234.1053076761114,12.094424102367078,"(1.7230000000000008, 0.8979999999999997)",,,,,,,,,,,
3.7518060423272193,412.9066666666667,0.06933333333333333,"(4.287427971975734, 1.5277181477190083)","(-2.5269999999999997, -4.452)",581.0,28077.967288888893,2764.647638091695,7.223185851484491,"(3.8230000000000013, -0.10200000000000031)",,,,,,,,,,,
4.727709811755188,107.17333333333332,0.010666666666666668,"(1.9503245364124493, 1.945524596267822)","(-3.327, -0.40200000000000014)",781.0,8576.404622222219,3834.4468457847997,11.820273917142641,"(3.473, 2.6479999999999997)",,,,,,,,,,,
5.727507971324317,103.57333333333334,0.0,"(-1.8989605489037442, -0.4972224700229704)","(2.623, 2.1980000000000004)",781.0,26940.2004,2352.0684156811244,13.665848128734796,"(-3.4269999999999996, -0.10200000000000031)",,,,,,,,,,,
1.8194476553365693,14.433333333333335,0.07199999999999998,"(-4.595758722957059, 2.0265387283274863)","(-2.4269999999999996, 1.6980000000000004)",20.0,3566.7983999999988,249.82699781265262,4.2693330330124155,"(-2.9269999999999996, 1.6479999999999997)",,,,,,,,,,,
4.1492834590812615,20.133333333333333,0.0,"(1.8521220963517644, -4.353699218572755)","(3.673000000000001, -0.2519999999999998)",270.0,27014.71715555556,181.53562339896013,13.810572481592866,"(1.5730000000000004, -5.502000000000001)",,,,,,,,,,,
6.230891724483397,26.19333333333333,0.0,"(-2.045752087363167, -3.5905663061229007)","(1.0730000000000004, 1.8479999999999999)",498.0,5073.710933333334,2095.7447226080153,9.121513918495227,"(-2.3269999999999995, -5.502000000000001)",,,,,,,,,,,
6.1551371916227176,89.10666666666668,0.012666666666666666,"(2.8382922472180363, 0.6219991822806084)","(-4.127, -1.702)",456.0,13640.506666666664,1778.7737297499998,22.619338417952946,"(1.3230000000000004, 0.09799999999999986)",,,,,,,,,,,
4.759004338368143,19.093333333333334,0.0,"(-1.2840031567556383, -2.972167253748482)","(2.623, -5.002000000000001)",781.0,6566.323733333333,4259.742896386615,9.241961334268256,"(-0.7269999999999994, -4.402)",,,,,,,,,,,
7.768180040520967,99.74,0.0,"(-4.748517824885054, -1.9125292842854986)","(2.873, -2.152)",469.0,43400.83595555555,703.5867655703952,21.552579549584085,"(-4.327, -0.10200000000000031)",,,,,,,,,,,
6.341978582637753,11.786666666666667,0.0,"(0.9768371320378941, 0.6505408522244871)","(2.2230000000000008, -5.352)",326.0,8644.578888888891,808.6332883862137,13.386131316548278,"(2.173000000000001, 0.4480000000000004)",,,,,,,,,,,
2.563753145064488,26.4,0.0033333333333333327,"(2.3373453757153713, -0.7614909670120606)","(2.873, -3.452)",237.0,71190.19915555557,2415.407540465307,9.227211845800543,"(2.873, 0.34799999999999986)",,,,,,,,,,,
9.237569009436694,44.80666666666666,0.0,"(-3.48418615109453, -4.242127237182371)","(4.423000000000001, -0.8520000000000003)",625.0,11725.199288888889,2722.448648483045,8.317782408909903,"(-2.0269999999999997, -3.9520000000000004)",,,,,,,,,,,
6.750051816402488,21.06,0.0,"(-1.4053534252580375, -0.8716143969216705)","(3.0730000000000004, -5.3020000000000005)",781.0,48278.297822222215,2230.883059234839,8.621131238300864,"(-0.4269999999999996, -1.952)",,,,,,,,,,,
1.8042910828606875,12.68,0.0,"(0.707538432708857, 1.0684580460955746)","(-1.0269999999999997, 2.048)",129.0,43971.69493333333,2814.0222698554967,16.746103908082688,"(2.0230000000000006, 2.4979999999999993)",,,,,,,,,,,
8.862567923201492,106.10666666666668,0.0,"(1.8444062097352991, -6.090878116619872)","(0.8730000000000002, 1.4980000000000002)",781.0,147215.7518222222,1554.2489617768595,17.424451651149006,"(0.17300000000000093, -6.002000000000001)",,,,,,,,,,,
4.396608962799812,769.62,0.09866666666666664,"(4.856410813125372, -3.701684418376462)","(1.423000000000001, -3.3520000000000003)",781.0,149779.31222222224,1264.6287830509698,14.805510052122116,"(3.623, -5.102)",,,,,,,,,,,
2.1206147565689317,21.54,0.0,"(2.1107049264577067, 1.3683974397660201)","(4.473, 2.0980000000000008)",129.0,9334.665822222225,53.70319482276701,10.306255712967122,"(1.2730000000000006, 2.1479999999999997)",,,,,,,,,,,
5.725571731480615,10.393333333333333,0.0,"(-0.6497592900820965, -4.510349860589565)","(-4.327, -0.3019999999999996)",404.0,6265.022222222222,984.8691156830498,7.781563023369657,"(0.7730000000000006, -4.452)",,,,,,,,,,,
3.683470926299912,44.33333333333334,0.0,"(-0.9347933413817016, 0.4616628366310378)","(2.3230000000000004, 0.29800000000000004)",782.0,45155.09493333333,2986.3667813901043,15.511520278997676,"(-1.9769999999999994, -0.0019999999999997797)",,,,,,,,,,,
2.7222135887656065,23.54,0.0006666666666666668,"(-1.936549449231103, -2.417791084413723)","(-4.327, -0.10200000000000031)",149.0,1241.1288888888887,923.8193553928434,3.6882321297391365,"(-3.1769999999999996, -3.202)",,,,,,,,,,,
3.8385167885967446,33.99333333333333,0.0,"(-1.7745906272044083, -2.8075755903309734)","(-3.4769999999999994, 0.09799999999999986)",399.0,1114.1191555555556,715.9746349862259,6.875781650270232,"(-0.577, -4.152)",,,,,,,,,,,
1.4307289744938243,427.08666666666664,0.06999999999999999,"(-2.3589034886473046, 2.432364112004513)","(-2.1769999999999996, -0.3019999999999996)",602.0,49381.048888888894,2118.8502492751,10.27384651319615,"(-3.4269999999999996, 2.3979999999999997)",,,,,,,,,,,
5.124133447189415,25.98,0.0,"(-1.075, -3.4117)","(1.92, 1.298)",640.0,7251.605155555555,2128.2627893603835,9.714422409142081,"(0.773, -3.352)",,,,,,,,,,,
5.162649049170653,23.3,0.0,"(-1.075, -3.4117)","(1.92, 1.298)",642.0,5229.162488888889,1806.843339691161,9.674571965182674,"(0.773, -3.352)",0.5157279968261719,102.3663580417633,"(-3.1374302330446824, -2.6301636428141077)","[0.0017177910212069492, -0.0008618006227285591, -0.0008618006227276709, 0.0018927670471613478, 0.0018996853770053372]",6.4037543805833925,"[0.30199327192662584, -0.04742250356537214, -0.04742250356537214, 0.2828737759298914, 0.07444115601852855]",True,False,173.0,"[(-1.07699994338, -3.45199996051), (-1.12688245144, -3.45227843342), (-1.15188207035, -3.45241080341), (-1.17688130778, -3.45257960377), (-1.20188054521, -3.45279360829), (-1.22687901971, -3.45305548726), (-1.25187711273, -3.45337401449), (-1.27687444281, -3.45375128805), (-1.30075063336, -3.4463406663), (-1.32466306352, -3.43904715575), (-1.34858274161, -3.43177729633), (-1.37251310086, -3.42454234139), (-1.39643697511, -3.41728659635), (-1.42035512732, -3.41001235002), (-1.44464940869, -3.40411292061), (-1.46937055469, -3.40038996676), (-1.49426069178, -3.39805022216), (-1.51922254518, -3.39667120908), (-1.54420652382, -3.39577551815), (-1.5691988948, -3.39514704676), (-1.5941973693, -3.39488612147), (-1.61919660673, -3.39507647486), (-1.64418745183, -3.39575377437), (-1.66915617168, -3.39700766538), (-1.69407034136, -3.39907599427), (-1.71886778131, -3.40225192053), (-1.74378557495, -3.40022612551), (-1.76869116157, -3.39805613494), (-1.79357614882, -3.39566088649), (-1.81843214437, -3.39298163383), (-1.84324903927, -3.38996115649), (-1.86801500796, -3.38654795606), (-1.8927123121, -3.38266917182), (-1.91732016159, -3.37825861878), (-1.94183283438, -3.37334719597), (-1.96623812344, -3.36792593887), (-1.99052096071, -3.3619813053), (-2.01466189125, -3.35548373135), (-2.03814287915, -3.34690218825), (-2.06139555741, -3.33772002106), (-2.08438692891, -3.3279017531), (-2.10708323357, -3.31741972779), (-2.12943926722, -3.3062298854), (-2.15110579434, -3.29375754177), (-2.17242747282, -3.28070441047), (-2.19335623748, -3.26703005572), (-2.21385890044, -3.25272475002), (-2.23385382719, -3.23771792149), (-2.25339308835, -3.2221226759), (-2.27244235163, -3.20593214679), (-2.29098883781, -3.1891684594), (-2.30914031208, -3.17197771665), (-2.32683020797, -3.15431204409), (-2.34418593638, -3.13631811682), (-2.36136676092, -3.11815729654), (-2.37783900542, -3.09935141095), (-2.39448977777, -3.08070326308), (-2.41115619037, -3.0620692296), (-2.42719107983, -3.04288893147), (-2.44348460577, -3.02392778769), (-2.45988398956, -3.00505819665), (-2.47587672661, -2.9858428033), (-2.49210444902, -2.96682558347), (-2.50818015574, -2.94767923614), (-2.52443229221, -2.92868280641), (-2.5408480792, -2.90982771122), (-2.55725337577, -2.89096327002), (-2.57392474748, -2.87233343271), (-2.59072181347, -2.85381689191), (-2.60751105932, -2.83529348465), (-2.62457820588, -2.81702566211), (-2.64123794276, -2.79838552511), (-2.65837909444, -2.78018713007), (-2.67580100785, -2.76225728971), (-2.69281207835, -2.74393758729), (-2.71027938666, -2.72605161595), (-2.72799007265, -2.70840749643), (-2.74527847165, -2.6903487193), (-2.76295596978, -2.67267103044), (-2.78080760884, -2.65516881766), (-2.7983069606, -2.63731450831), (-2.81615459423, -2.61980848083), (-2.83323909766, -2.60155706149), (-2.8508187488, -2.58378171637), (-2.86870128691, -2.56631154705), (-2.88589355554, -2.54816159866), (-2.90354492299, -2.53045758838), (-2.92145797867, -2.5130183181), (-2.9387618272, -2.4949744183), (-2.9564944477, -2.47735204255), (-2.97445385196, -2.45996045598), (-2.99186928038, -2.44202451211), (-3.00966522486, -2.42446622328), (-3.02763588248, -2.40708646228), (-3.0451508745, -2.38924741172), (-3.06301376691, -2.37175702449), (-3.08101856607, -2.35441274018), (-3.09868366643, -2.33672246281), (-3.11668655824, -2.31937588968), (-3.13394863583, -2.30129231702), (-3.1517308474, -2.28371991381), (-3.16983883412, -2.26648320395), (-3.18730194626, -2.24859341792), (-3.2052678355, -2.23120869781), (-3.22353909127, -2.21414555669), (-3.24124252934, -2.1964934263), (-3.25941231415, -2.17932194777), (-3.27785036756, -2.16243886036), (-3.29583399515, -2.1450724508), (-3.31426995047, -2.12818745604), (-3.33294813907, -2.11157025304), (-3.35131285492, -2.09460743845), (-3.37013476224, -2.07815350449), (-3.38921883464, -2.06200398338), (-3.40816843896, -2.04569729673), (-3.42762062965, -2.02999333227), (-3.44736588446, -2.01465977491), (-3.46703484532, -1.99922817983), (-3.48713906315, -1.98436802641), (-3.50755370198, -1.96993740791), (-3.5282295522, -1.9558836815), (-3.54891017079, -1.94183682155), (-3.56998055609, -1.92838200263), (-3.59126828376, -1.91527355822), (-3.61273701882, -1.90246342314), (-3.63434708842, -1.88989361399), (-3.65623992245, -1.87782276726), (-3.67837889983, -1.86620930273), (-3.70061782228, -1.85478886188), (-3.72291959187, -1.84349163576), (-3.74543012077, -1.8326159337), (-3.76811717479, -1.8221136905), (-3.79092772964, -1.81188229081), (-3.81350921191, -1.80115498047), (-3.83629411291, -1.79086674179), (-3.85924562082, -1.78095577668), (-3.88233131071, -1.77136143144), (-3.90550540621, -1.7619826166), (-3.92875837057, -1.75280102162), (-3.95189822917, -1.74333828344), (-3.97520269195, -1.73428829551), (-3.99859527423, -1.7254687153), (-4.02206624855, -1.71685970638), (-4.04553579236, -1.70824688277), (-4.06876729905, -1.69901111908), (-4.09197148298, -1.68970707231), (-4.11509078989, -1.6801943616), (-4.13812178655, -1.67046917225), (-4.16105226594, -1.66050976048), (-4.18420986288, -1.65109050985), (-4.2073771396, -1.64169452887), (-4.23053135099, -1.63226688591), (-4.25360364176, -1.62264049722), (-4.27657512915, -1.61277568994), (-4.29944061563, -1.60266788645), (-4.3216592725, -1.59120815422), (-4.3437674462, -1.57953632482), (-4.3657432499, -1.56761730304), (-4.387254042, -1.55487812133), (-4.4082146117, -1.54125240396), (-4.4287449789, -1.52698696186), (-4.44823526888, -1.51133029964), (-4.46749777374, -1.49539440157), (-4.48586763944, -1.47843730903), (-4.50318970314, -1.46041095684), (-4.52041234629, -1.44228961868), (-4.53669910115, -1.42332294359), (-4.55206434433, -1.40360210284), (-4.56722542969, -1.38372371509), (-4.5816656803, -1.36331622883), (-4.59561681519, -1.34257076038), (-4.60891296655, -1.32139957171), (-4.62173604776, -1.29993884751), (-4.63396019764, -1.27813136733), (-4.64559841002, -1.25600535992), (-4.65673978191, -1.23362529367), (-4.6673394191, -1.21098353918), (-4.67748165024, -1.18813350222), (-4.68710572627, -1.16505992399), (-4.69626796167, -1.1417994256), (-4.70492088729, -1.11834475911), (-4.71313967651, -1.09473445297), (-4.72086124378, -1.07095668162), (-4.72820261686, -1.04705874731), (-4.73504295328, -1.02301280274), (-4.74166181077, -0.998905060066), (-4.74766257999, -0.974635955701), (-4.75328824527, -0.950277205948), (-4.75830880417, -0.925786467668), (-4.76276776811, -0.901187010515), (-4.76663479831, -0.876487989761), (-4.76995400222, -0.851709241833), (-4.77264096772, -0.826854199959), (-4.77478002348, -0.801945752322), (-4.7762328748, -0.77698809509), (-4.77699999851, -0.751999920279), (-4.82699999925, -0.701999919534), (-4.82699999925, -0.651999918789), (-4.82699999925, -0.601999918044), (-4.82699999925, -0.551999917299), (-4.82699999925, -0.501999916553), (-4.82699999925, -0.451999915808), (-4.82699999925, -0.401999915063), (-4.82699999925, -0.351999914318), (-4.82699999925, -0.301999913573), (-4.82699999925, -0.251999912828), (-4.82699999925, -0.201999912083), (-4.82699999925, -0.151999911338), (-4.82699999925, -0.101999910593), (-4.82699999925, -0.051999909848), (-4.82699999925, -0.00199990910292), (-4.82699999925, 0.0480000916421), (-4.82699999925, 0.0980000923872), (-4.82699999925, 0.148000093132), (-4.82699999925, 0.198000093877), (-4.82699999925, 0.248000094622), (-4.82699999925, 0.298000095367), (-4.82878316164, 0.340459202445), (-4.82302162758, 0.36478629021), (-4.81683784824, 0.389009618208), (-4.81081032845, 0.413271856118), (-4.8040035852, 0.437327337434), (-4.79712653232, 0.461362982323), (-4.78919985354, 0.485072852061), (-4.77486107388, 0.505552436107), (-4.76139137763, 0.526613380024), (-4.74836199283, 0.547949745088), (-4.73488782623, 0.569007637248), (-4.71967085556, 0.588843300385), (-4.70623719629, 0.609927132486), (-4.69229888832, 0.630681374739), (-4.67822825803, 0.651345590135), (-4.66375625006, 0.671730569686), (-4.64904451221, 0.691943887859), (-4.63437385388, 0.71218696067), (-4.61977805899, 0.732483439244), (-4.60508599067, 0.752710490327), (-4.59016012909, 0.77276588003), (-4.57510232666, 0.792722850542), (-4.56007475571, 0.812701946299), (-4.54487483197, 0.832550579407), (-4.52970611722, 0.852422863639), (-4.51458243974, 0.872329480146), (-4.49927250967, 0.892093426974), (-4.48393942915, 0.911839063255), (-4.46870646059, 0.931662519361), (-4.45338949717, 0.951420362673), (-4.43792113794, 0.971060713307), (-4.42256545534, 0.99078880198), (-4.40712627855, 1.0104520408), (-4.39153718416, 1.02999626106), (-4.37616967599, 1.04971519446), (-4.36061849015, 1.06928916936), (-4.34492282265, 1.0887479404), (-4.32921599716, 1.10819831911), (-4.31355327911, 1.12768379303), (-4.297754281, 1.14705864073), (-4.28193420668, 1.16641670377), (-4.2661728787, 1.18582206905), (-4.25036091061, 1.20518623559), (-4.23444399067, 1.22446495292), (-4.21859745189, 1.24380089071), (-4.20269774577, 1.26309334095), (-4.18669780847, 1.28230263079), (-4.17084764573, 1.30163627976), (-4.15487231323, 1.32086616896), (-4.13880061194, 1.34001518658), (-4.12287382147, 1.35928551157), (-4.10682653424, 1.37845512856), (-4.09068864795, 1.39754921454), (-4.07469152399, 1.41676079319), (-4.05857910081, 1.43587624147), (-4.04244741341, 1.45497490509), (-4.02638820525, 1.47413460386), (-4.01021913381, 1.49320198696), (-3.99402555294, 1.51224877069), (-3.97776387973, 1.53123680808), (-3.96159700174, 1.55030571706), (-3.94534600968, 1.56930367266), (-3.92903140754, 1.58824669662), (-3.91281198209, 1.60727059217), (-3.89651054066, 1.62622506023), (-3.88014844553, 1.64512688546), (-3.86388372056, 1.66411263403), (-3.84753697959, 1.68302819218), (-3.831190334, 1.70194298738), (-3.81491216221, 1.72091729186), (-3.79853747859, 1.73980843594), (-3.78214438905, 1.7586835583), (-3.76582559074, 1.77762276756), (-3.74940427244, 1.79647347585), (-3.73295653737, 1.81530053302), (-3.71655381572, 1.83416726303), (-3.70011695253, 1.85300423841), (-3.68360761009, 1.87177788981), (-3.66713755903, 1.89058587349), (-3.65064061436, 1.90937020605), (-3.63407786615, 1.9280965552), (-3.61757491333, 1.94687554718), (-3.60103762823, 1.96562402158), (-3.58443244152, 1.98431298671), (-3.56794255404, 2.00310342278), (-3.55136187676, 2.0218137502), (-3.53471224883, 2.04046304247), (-3.5181592281, 2.05919778396), (-3.50152247477, 2.07785852033), (-3.48482373261, 2.09646356211), (-3.46821310996, 2.11514718665), (-3.45152638409, 2.13376367253), (-3.43483841845, 2.15237786958), (-3.41817973061, 2.17101953246), (-3.40145142455, 2.18959787136), (-3.38472092503, 2.20817468438), (-3.36801989405, 2.22677743734), (-3.35125496689, 2.24532296984), (-3.33448679724, 2.26386545059), (-3.31774981273, 2.28243616009), (-3.30099985826, 2.30099542551), (-3.28419897758, 2.31950891455), (-3.26744225202, 2.33806131351), (-3.25066559466, 2.35659616486), (-3.23383705742, 2.3750844769), (-3.21705257994, 2.3936124618), (-3.20024769383, 2.41212137321), (-3.18338902048, 2.43058145649), (-3.16661484268, 2.4491193596), (-3.14977314473, 2.46759470167), (-3.13288032985, 2.48602426738), (-3.1160758252, 2.50453394172), (-3.09920246527, 2.52298105504), (-3.08227817913, 2.5413808661), (-3.0663298833, 2.56063288055), (-3.04988243432, 2.57946070065), (-3.03304645842, 2.59794214624), (-3.01843712135, 2.61822946954), (-3.00254661819, 2.63752878623), (-2.9856959557, 2.65599649891), (-2.97024109097, 2.6756475307), (-2.9536071033, 2.69431055588), (-2.93625557106, 2.71230829785), (-2.91689750802, 2.72812784764), (-2.89731075389, 2.7436643469), (-2.87785217358, 2.75935953756), (-2.85532924691, 2.77021006263), (-2.83300182348, 2.78145655327), (-2.81042987796, 2.79220408151), (-2.787198562, 2.80143946373), (-2.76446411037, 2.81183909157), (-2.7415259539, 2.82178095573), (-2.71812507464, 2.83057917363), (-2.69466640272, 2.83922098895), (-2.67114173654, 2.84768198761), (-2.64779960362, 2.85663431929), (-2.62402850799, 2.86437662897), (-2.59994422571, 2.87108057805), (-2.57558795551, 2.87671717481), (-2.55106593672, 2.88158243977), (-2.52639133002, 2.88560313075), (-2.50162364472, 2.88900278901), (-2.47679053735, 2.89188593724), (-2.45189639483, 2.89418543679), (-2.42695018169, 2.89582575664), (-2.40197650273, 2.89697245465), (-2.37699576658, 2.8979535948), (-2.35199824576, 2.8982976805), (-2.326999962, 2.89800013411), (-2.27699996126, 2.94800013486), (-2.22699996051, 2.94800013486), (-2.17699995977, 2.94800013486), (-2.12699995902, 2.94800013486), (-2.07699995828, 2.94800013486), (-2.02699995753, 2.94800013486), (-1.97699995679, 2.94800013486), (-1.92699995604, 2.94800013486), (-1.8769999553, 2.94800013486), (-1.82699995455, 2.94800013486), (-1.77699995381, 2.94800013486), (-1.72699995306, 2.94800013486), (-1.67699995232, 2.94800013486), (-1.62699995157, 2.94800013486), (-1.57699995083, 2.94800013486), (-1.52699995008, 2.94800013486), (-1.47699994934, 2.94800013486), (-1.42699994859, 2.94800013486), (-1.37699994785, 2.94800013486), (-1.3269999471, 2.94800013486), (-1.27699994636, 2.94800013486), (-1.22699994561, 2.94800013486), (-1.17699994487, 2.94800013486), (-1.12699994412, 2.94800013486), (-1.07699994338, 2.94800013486), (-1.02699994263, 2.94800013486), (-0.976999941885, 2.94800013486), (-0.92699994114, 2.94800013486), (-0.876999940395, 2.94800013486), (-0.82699993965, 2.94800013486), (-0.776999938905, 2.94800013486), (-0.72699993816, 2.94800013486), (-0.676999937415, 2.94800013486), (-0.62699993667, 2.94800013486), (-0.576999935925, 2.94800013486), (-0.52699993518, 2.94800013486), (-0.476999934435, 2.94800013486), (-0.42699993369, 2.94800013486), (-0.376999932945, 2.94800013486), (-0.3269999322, 2.94800013486), (-0.276999931455, 2.94800013486), (-0.22699993071, 2.94800013486), (-0.176999929965, 2.94800013486), (-0.126999929219, 2.94800013486), (-0.0769999284744, 2.94800013486), (-0.0269999277294, 2.94800013486), (0.0230000730157, 2.94800013486), (0.0730000737607, 2.94800013486), (0.123000074506, 2.94800013486), (0.173000075251, 2.94800013486), (0.223000075996, 2.94800013486), (0.273000076741, 2.94800013486), (0.323000077486, 2.94800013486), (0.373000078231, 2.94800013486), (0.423000078976, 2.94800013486), (0.473000079721, 2.94800013486), (0.523000080466, 2.94800013486), (0.573000081211, 2.94800013486), (0.623000081956, 2.94800013486), (0.673000082701, 2.94800013486), (0.723000083447, 2.94800013486), (0.755967460647, 2.9500715155), (0.780573784256, 2.94565333306), (0.805084740431, 2.94073161058), (0.829419076121, 2.9350019352), (0.853634774724, 2.92878931914), (0.877774179381, 2.9222852602), (0.901735819142, 2.91515559091), (0.925620402018, 2.90777186277), (0.949240244899, 2.8995794188), (0.973212184343, 2.89248408178), (0.996807613161, 2.88422221032), (1.01992277159, 2.87469919993), (1.04156583832, 2.86218622977), (1.06298078614, 2.8492864493), (1.08380941499, 2.83546046033), (1.10465597292, 2.82166117423), (1.12561926059, 2.80803889009), (1.14645208561, 2.79421976757), (1.16711477512, 2.78014658621), (1.18776754643, 2.76605814606), (1.20827993687, 2.75176752695), (1.22870992985, 2.73735865222), (1.2488995969, 2.72261484707), (1.26889395144, 2.70760706487), (1.28878759798, 2.69246653119), (1.30845884766, 2.6770376064), (1.32793898101, 2.66136911862), (1.3473618939, 2.64562891453), (1.36659483486, 2.62965677684), (1.38587774835, 2.61374567431), (1.40500387779, 2.59764612573), (1.4241479363, 2.58156793945), (1.44309820819, 2.56526163428), (1.46188711838, 2.54876993481), (1.48068747267, 2.53229120532), (1.49928908122, 2.51558893456), (1.51773390571, 2.49871347655), (1.53615622349, 2.48181284153), (1.55439963197, 2.46471918283), (1.57250189664, 2.44747675093), (1.59049506097, 2.43012064105), (1.6082639211, 2.4125348864), (1.62609000169, 2.3950063522), (1.64354834545, 2.37711237), (1.66070456519, 2.35892770786), (1.67789206545, 2.34077356331), (1.69469962185, 2.32226694072), (1.71119208426, 2.30347879346), (1.72767996902, 2.28468606857), (1.7437795176, 2.26556070208), (1.75952963991, 2.24614541859), (1.7752622146, 2.22671640218), (1.79059348314, 2.20696924002), (1.80544104806, 2.18685586692), (1.81977820648, 2.16637551994), (1.8341947106, 2.14595086753), (1.84793525036, 2.12506539969), (1.86107993439, 2.103799988), (1.87422309254, 2.08253381337), (1.88656287544, 2.06079080157), (1.89754004846, 2.03832986373), (1.90640693091, 2.01495492442), (1.91363807116, 1.99102380224), (1.91996131344, 1.96683709533), (1.92536368779, 1.94242761011), (1.93055396497, 1.91797234851), (1.93529715962, 1.89342629712), (1.93964515162, 1.86880700354), (1.94361319978, 1.84412438598), (1.94715781653, 1.81937691857), (1.95026755779, 1.79457070483), (1.95296531174, 1.76971718883), (1.95524421192, 1.74482094823), (1.95712714651, 1.71989190122), (1.95860877495, 1.69493615134), (1.95972266657, 1.66996056503), (1.96046119197, 1.64497200875), (1.96082740292, 1.6199742972), (1.96080146298, 1.59497429682), (1.96026282771, 1.56998039997), (1.95920386774, 1.54500252484), (1.95764441947, 1.52005135259), (1.95559668995, 1.49513527556), (1.9531270549, 1.4702573455), (1.95022635906, 1.44542671769), (1.94686637366, 1.42065331034), (1.94303870636, 1.3959478046), (1.9387380166, 1.37132088162), (1.93396048967, 1.34678169669), (1.92872062143, 1.32233711625), (1.92300010133, 1.29800011027), (1.87300010058, 1.24800010952), (1.92, 1.298)]",
4.1244935742990085,25.44,0.0,"(2.142545285614105, 0.8718053939071738)","(3.7730000000000006, -3.552)",229.0,1059.2549333333334,293.2280136431304,11.098998876940053,"(2.673000000000001, 1.7480000000000002)",,,,,,,,,,,
4.546446813074737,34.61333333333334,0.0033333333333333327,"(2.2905299114530706, -4.822832697680411)","(-1.6269999999999998, -1.0019999999999998)",0.0,4736.113288888888,3931.6773105165735,12.47242282922496,"(0.8230000000000004, -4.602)",,,,,,,,,,,
3.978928466141416,13.786666666666667,0.0,"(-1.5025784315302402, -4.5735324699072475)","(-1.7269999999999994, -0.45199999999999996)",346.0,3476.4597333333336,869.1186922224307,20.28618622163846,"(-1.9769999999999994, -3.052)",,,,,,,,,,,
1.9645212570868715,13.533333333333333,0.0,"(1.9542212888950012, -4.550586058637675)","(3.5230000000000006, -3.2520000000000002)",110.0,937.3450666666668,262.2669784172662,16.71929481307545,"(1.0730000000000004, -3.802)",,,,,,,,,,,
2.07241534115887,17.606666666666666,0.002666666666666667,"(-0.5716917826876573, -4.260183885210291)","(0.6730000000000009, -2.2520000000000002)",157.0,774.0158222222221,474.4373740781716,52.41659844312905,"(-1.7269999999999994, -4.752000000000001)",,,,,,,,,,,
1.8027856373269608,1.8066666666666664,0.0873333333333333,"(-1.8851729975671456, -1.7278089623909225)","(-2.2269999999999994, -0.15200000000000014)",2.0,9850.325555555555,1089.653975446338,17.07554282745906,"(-2.2269999999999994, -0.15200000000000014)",,,,,,,,,,,
3.9657538541201287,595.8666666666667,0.07599999999999997,"(4.330710238900265, 2.7186156911562582)","(-2.127, 0.5979999999999999)",781.0,8819.901155555553,0.24293339115661824,13.086157615353208,"(2.5730000000000004, 1.8979999999999997)",,,,,,,,,,,
3.241590490742237,92.41333333333333,0.0013333333333333335,"(-3.495922196458278, 0.7603259659990054)","(0.3730000000000002, 2.3979999999999997)",312.0,3005.0071555555555,1181.1181989110835,12.555992349617267,"(-3.2769999999999997, -0.7519999999999998)",,,,,,,,,,,
4.647849285557585,13.273333333333332,0.0,"(1.2687744005561212, -2.093403500750976)","(4.423000000000001, 1.2480000000000002)",781.0,37808.92373333334,3486.68854195536,15.524286195007999,"(2.2230000000000008, -1.1020000000000003)",,,,,,,,,,,
5.5888810087869585,64.39333333333333,0.0020000000000000005,"(-1.8265497963815467, 2.1938956323356225)","(3.923000000000001, 0.3979999999999997)",297.0,7896.5464888888855,1165.8090998607104,22.174618181888395,"(-1.5269999999999997, 1.048)",,,,,,,,,,,
5.157013277795582,18.313333333333333,0.0,"(-0.49441225495778207, -0.6633394388003053)","(1.173000000000001, -5.0520000000000005)",781.0,37953.12888888888,3941.243764996929,10.525315126050419,"(0.17300000000000093, 0.6479999999999997)",,,,,,,,,,,
5.173848646380886,48.04,0.006666666666666667,"(3.0353756493662916, -2.5819242857622235)","(-2.2269999999999994, -5.352)",0.0,1473.769288888889,2059.3273449808357,33.382570565642446,"(2.173000000000001, -1.4020000000000001)",,,,,,,,,,,
5.024915268314672,18.706666666666667,0.0,"(-1.0796693607892422, -1.8775219137922168)","(0.7730000000000006, -5.952)",781.0,41450.238622222205,3269.253352562947,9.811016858155266,"(-2.6769999999999996, -2.2520000000000002)",,,,,,,,,,,
6.4762700708667955,12.526666666666667,0.0,"(1.6366035535691699, -3.695696175128417)","(2.5730000000000004, 2.798)",288.0,9344.102266666667,667.8329074792244,13.319755371938331,"(3.0730000000000004, -3.552)",,,,,,,,,,,
2.292677123662452,32.98,0.006666666666666667,"(1.5246954291000254, -3.9249367232215917)","(-0.827, -4.402)",197.0,1013.8558222222224,874.4914412379535,43.789081014896794,"(1.9730000000000008, -4.852)",,,,,,,,,,,
7.665758202274637,48.57333333333333,0.0,"(-3.290287932624462, -5.835400873992806)","(-2.1769999999999996, 2.7479999999999993)",354.0,27371.369066666666,723.7758523562213,3.391987199082378,"(-2.6769999999999996, -4.902)",,,,,,,,,,,
3.1124248972974438,9.586666666666666,0.0,"(0.27966621770691713, 2.193735250581591)","(-2.727, 2.2479999999999993)",698.0,1166.3402666666666,1065.4089248463042,25.393081025459857,"(-0.9269999999999996, 1.4480000000000004)",,,,,,,,,,,
1.9552550916657223,146.96666666666667,0.0013333333333333335,"(-2.677399412353785, 0.7700849582142606)","(-4.327, -0.0019999999999997797)",502.0,21484.345288888893,1666.7551324098395,12.203526895081232,"(-2.4769999999999994, -0.8520000000000003)",,,,,,,,,,,
7.4665387816251565,75.62666666666667,0.021333333333333336,"(3.7780335254557356, -0.7384173417259066)","(-3.7269999999999994, 2.1980000000000004)",411.0,9932.525555555556,1740.3941267991377,12.863845990189214,"(4.073000000000001, -2.6020000000000003)",,,,,,,,,,,
5.1160949927420685,169.34666666666666,0.018000000000000002,"(3.5738568929677963, 1.5865876187144325)","(1.673000000000001, -3.452)",0.0,14872.468622222224,3060.471926631336,14.786828313961587,"(3.0230000000000006, 0.6479999999999997)",,,,,,,,,,,
1.589128687492506,86.12666666666668,0.07866666666666665,"(4.2763901495721495, -1.4534105928941283)","(0.8730000000000002, -2.902)",107.0,2326.281955555556,1309.1354847899327,24.41274812846438,"(3.2730000000000006, -2.002)",,,,,,,,,,,
2.264261372654997,37.626666666666665,0.024,"(-1.9027514768308613, -5.919490403559002)","(-3.4269999999999996, -3.1020000000000003)",72.0,3816.809822222223,466.8626997709448,4.884103878772083,"(-2.877, -4.752000000000001)",,,,,,,,,,,
7.042133737342045,69.48,0.01,"(-1.0262712733946164, 1.6783355277946603)","(-2.6769999999999996, -5.202)",371.0,3272.605555555555,983.6902048511844,25.514307597697073,"(-0.7769999999999992, -0.3019999999999996)",,,,,,,,,,,
3.2091742209240928,12.586666666666664,0.0,"(1.0883032326011919, 1.4661544076061128)","(4.473, 1.9480000000000004)",241.0,1031.6590666666666,869.5014610923721,17.82723168400025,"(-0.7269999999999994, 1.5979999999999999)",,,,,,,,,,,
5.505701254543758,208.92666666666668,0.014666666666666668,"(4.610239745294135, -5.085444728202473)","(4.223, 1.9480000000000004)",425.0,38758.498888888884,1132.67374463429,12.092736732595432,"(2.7730000000000006, -4.852)",,,,,,,,,,,
5.193111026159062,28.7,0.004000000000000001,"(1.7615202564017043, 1.057360499705236)","(-0.9769999999999994, -4.052)",278.0,1476.8306222222222,1573.8237643043954,35.61139299072556,"(0.8230000000000004, 1.8479999999999999)",,,,,,,,,,,
1.926585140639992,43.61333333333334,0.012000000000000002,"(-1.731675057059007, -4.001725492527301)","(0.5730000000000004, -3.652)",134.0,914.183288888889,502.61622731854993,40.72751813123961,"(-1.7269999999999994, -5.902)",,,,,,,,,,,
6.976223326259798,38.21333333333333,0.0,"(-1.4318839243293902, 0.8862268348749783)","(2.2230000000000008, -3.7520000000000002)",0.0,26873.62328888889,2802.4871447472137,9.74967705539678,"(-0.4269999999999996, 1.4980000000000002)",,,,,,,,,,,
5.158372584454534,31.56,0.0046666666666666645,"(0.7690100035387836, 1.6135999746783807)","(-4.726999999999999, 0.29800000000000004)",215.0,2087.222222222223,1217.218643293134,13.739960241659233,"(0.7230000000000008, 2.8480000000000008)",,,,,,,,,,,
5.890830628059317,75.95333333333333,0.0033333333333333327,"(-2.6142241550637246, -4.92629785375919)","(-3.2269999999999994, -0.0519999999999996)",438.0,509.92426666666665,2329.3481292918873,17.417156337241465,"(-2.9269999999999996, -3.5020000000000002)",,,,,,,,,,,
3.9021291136045786,38.833333333333336,0.002666666666666667,"(2.807796396916581, -1.3392915465459287)","(1.9730000000000008, 2.7479999999999993)",265.0,60775.56426666668,2378.761224612186,15.933988062776693,"(3.5730000000000013, -2.652)",,,,,,,,,,,
6.401617386131807,100.05333333333333,0.012000000000000002,"(3.3506017840661175, 0.942183363716101)","(-1.3769999999999998, -4.852)",0.0,3154.633955555554,2663.091621505281,8.158300807415737,"(3.673000000000001, -0.2519999999999998)",,,,,,,,,,,
4.0913753815332905,140.04,0.38666666666666666,"(-1.075, -3.4117)","(1.92, 1.298)",337.0,5926.5779555555555,393.0222123135434,15.086075818879046,"(0.773, -3.352)",,1450.959331035614,"(1.1480314212103377, -3.6648162074103596)","[0.0005532426587322448, 2.5343364161489745e-05, 2.5343364161489745e-05, 0.0006125300026340597, 0.00043796333927864216]",5.022497406188824,"[0.21977570155879056, -0.018833842684285784, -0.018833842684285784, 0.20940673235357465, 0.06389398051210789]",,,,"[(-1.07699994338, -3.45199996051, 0.0), (-1.03128232184, -3.45485793175, 0.0), (-1.01006535681, -3.44163523715, 0.0), (-0.988899508713, -3.42833090804, 0.0), (-0.967427340424, -3.41552687647, 0.0), (-0.946076098041, -3.4025220011, 0.0), (-0.924987688303, -3.38909541093, 0.0), (-0.903951921388, -3.37558566036, 0.0), (-0.882957353204, -3.36201315802, 0.0), (-0.862094773547, -3.34823809526, 0.0), (-0.841252793256, -3.33443194271, 0.0), (-0.820307816137, -3.32078238348, 0.0), (-0.799405182159, -3.30706759293, 0.0), (-0.778655136073, -3.29312392055, 0.0), (-0.757918059959, -3.27916060247, 0.0), (-0.737146270098, -3.2652487828, 0.0), (-0.71658619594, -3.25102644677, 0.0), (-0.695905958815, -3.23697920535, 0.0), (-0.675062071175, -3.22317553236, 0.0), (-0.654157529848, -3.20946455651, 0.0), (-0.633331952756, -3.19563341769, 0.0), (-0.613075147034, -3.18098211895, 0.0), (-0.592457089476, -3.16684370626, 0.0), (-0.570465359412, -3.15495386691, 0.0), (-0.548688396807, -3.14267530991, 0.0), (-0.525377162939, -3.13364306032, 0.0), (-0.502353557249, -3.12390070483, 0.0), (-0.479575618067, -3.11359663516, 0.0), (-0.456496317796, -3.1039868404, 0.0), (-0.433584101268, -3.09398603916, 0.0), (-0.40986088009, -3.08609877098, 0.0), (-0.386839944688, -3.0763499305, 0.0), (-0.364945870876, -3.06428099111, 0.0), (-0.343191414985, -3.05196257052, 0.0), (-0.322053032712, -3.03861494459, 0.0), (-0.30129764605, -3.02467890159, 0.0), (-0.280927543818, -3.01018534059, 0.0), (-0.261002616763, -2.99508562417, 0.0), (-0.241380576676, -2.97959451982, 0.0), (-0.222825888899, -2.96283998771, 0.0), (-0.204205206859, -2.94615831632, 0.0), (-0.185731772136, -2.92931394808, 0.0), (-0.168134954857, -2.91155595984, 0.0), (-0.150717428352, -2.89362173259, 0.0), (-0.133291128044, -2.8756960884, 0.0), (-0.116376760116, -2.85728674059, 0.0), (-0.0999205373365, -2.83846693135, 0.0), (-0.0833998461723, -2.81970319816, 0.0), (-0.0676768082183, -2.80026655236, 0.0), (-0.0518870130612, -2.78088407527, 0.0), (-0.0360869182212, -2.76150999051, 0.0), (-0.0205797921357, -2.74190053892, 0.0), (-0.00521991336673, -2.722175502, 0.0), (0.0100087398143, -2.70234937561, 0.0), (0.025652432064, -2.6828486429, 0.0), (0.0408532379546, -2.66300077273, 0.0), (0.0554059267701, -2.64267301364, 0.0), (0.0700108769389, -2.62238302005, 0.0), (0.0851048713044, -2.60245351536, 0.0), (0.0996442086793, -2.58211621952, 0.0), (0.113988615021, -2.56164083164, 0.0), (0.129416013932, -2.54196881902, 0.0), (0.144303251703, -2.52188481909, 0.0), (0.158206297565, -2.50110730718, 0.0), (0.172276427169, -2.48044232885, 0.0), (0.187623717437, -2.46070775519, 0.0), (0.202327468266, -2.44048871497, 0.0), (0.217006423563, -2.42025212714, 0.0), (0.23242619308, -2.40057401101, 0.0), (0.247768142771, -2.38083485971, 0.0), (0.263021591485, -2.3610278068, 0.0), (0.278724793013, -2.34157475781, 0.0), (0.294156006622, -2.32190541547, 0.0), (0.307739380848, -2.30091771375, 0.0), (0.321644334058, -2.28014134625, 0.0), (0.336271409471, -2.25986699292, 0.0), (0.349197511348, -2.23846806682, 0.0), (0.362143449651, -2.21708134775, 0.0), (0.374433260015, -2.19531048866, 0.0), (0.386481981508, -2.1734057337, 0.0), (0.396920137792, -2.15068882967, 0.0), (0.407316713874, -2.12795323363, 0.0), (0.41748097489, -2.10511273341, 0.0), (0.426329165329, -2.08173092764, 0.0), (0.434657412524, -2.05815914995, 0.0), (0.442078524695, -2.03428562969, 0.0), (0.448874407975, -2.01022709662, 0.0), (0.454754382428, -1.98592861909, 0.0), (0.459991198912, -1.9614832757, 0.0), (0.464351016482, -1.93686627094, 0.0), (0.468095141904, -1.9121481767, 0.0), (0.470645267064, -1.88727863898, 0.0), (0.47278798255, -1.86237057281, 0.0), (0.47411358987, -1.83740566765, 0.0), (0.475148135783, -1.81242702959, 0.0), (0.475476581223, -1.78742931803, 0.0), (0.475643664966, -1.76242969913, 0.0), (0.47550862468, -1.73743008023, 0.0), (0.475207263592, -1.7124319872, 0.0), (0.474794513342, -1.68743542006, 0.0), (0.474076968775, -1.66244571937, 0.0), (0.472999316782, -1.63746898865, 0.0), (0.471442538804, -1.61251743493, 0.0), (0.468449145816, -1.58769748827, 0.0), (0.464975100964, -1.56294010265, 0.0), (0.459674197565, -1.53850849218, 0.0), (0.453673678676, -1.51423900634, 0.0), (0.446810656724, -1.49019954676, 0.0), (0.43917897326, -1.46639278371, 0.0), (0.430908709465, -1.44280040665, 0.0), (0.422051363752, -1.41942241558, 0.0), (0.413354998266, -1.39598338935, 0.0), (0.404760103729, -1.37250736056, 0.0), (0.396821718601, -1.34880130551, 0.0), (0.389195757183, -1.32499263512, 0.0), (0.382293443848, -1.30096461962, 0.0), (0.375809221339, -1.27681987439, 0.0), (0.369733934384, -1.25256946204, 0.0), (0.364231996435, -1.22818248353, 0.0), (0.359124116721, -1.20370967432, 0.0), (0.354655580277, -1.17911250599, 0.0), (0.350554399186, -1.15445086927, 0.0), (0.34692967379, -1.12971522742, 0.0), (0.343607835361, -1.10493686096, 0.0), (0.340641908193, -1.08011348108, 0.0), (0.337930421336, -1.05526072802, 0.0), (0.335518388219, -1.03037745739, 0.0), (0.333303574954, -1.0054758762, 0.0), (0.33125813425, -0.980559799173, 0.0), (0.329404191351, -0.955628463352, 0.0), (0.327829484296, -0.930678054045, 0.0), (0.32639973574, -0.905718870934, 0.0), (0.325199631962, -0.880747862261, 0.0), (0.324104432361, -0.855771894481, 0.0), (0.323252610449, -0.830786389959, 0.0), (0.322441224328, -0.805799359557, 0.0), (0.321989564165, -0.780803555352, 0.0), (0.321378449654, -0.755811184374, 0.0), (0.32064335748, -0.730821865154, 0.0), (0.31957486076, -0.705844752965, 0.0), (0.318359498193, -0.680874125762, 0.0), (0.328960923522, -0.658233515683, 0.0), (0.339740113746, -0.635676447476, 0.0), (0.350322084119, -0.613026682124, 0.0), (0.361088685842, -0.590463891871, 0.0), (0.371753053676, -0.567852654962, 0.0), (0.385008745402, -0.546656289289, 0.0), (0.397667818467, -0.525098290311, 0.0), (0.409837084395, -0.503259911079, 0.0), (0.421905642314, -0.481365837267, 0.0), (0.431405001587, -0.458240760628, 0.0), (0.44121602163, -0.435246528108, 0.0), (0.450925952195, -0.412209189508, 0.0), (0.460872393994, -0.389272940386, 0.0), (0.47077916294, -0.366319525127, 0.0), (0.482312518825, -0.344138967546, 0.0), (0.493706256788, -0.321886312185, 0.0), (0.505396396732, -0.299787770596, 0.0), (0.516998417169, -0.277643071169, 0.0), (0.529453403927, -0.255966435104, 0.0), (0.542124684023, -0.234415684051, 0.0), (0.55470860755, -0.212813816053, 0.0), (0.567323811595, -0.191229877133, 0.0), (0.58062375381, -0.170061358751, 0.0), (0.594219716537, -0.149081667886, 0.0), (0.607684072207, -0.128017290741, 0.0), (0.621096166523, -0.10691934426, 0.0), (0.634885534404, -0.0860663013468, 0.0), (0.648748525944, -0.0652620865593, 0.0), (0.664849981872, -0.0461374830028, 0.0), (0.680309805711, -0.0264910288526, 0.0), (0.695844779087, -0.00690332104122, 0.0), (0.712415442786, 0.0118157801899, 0.0), (0.729400001144, 0.0301602781439, 0.0), (0.745802436692, 0.0490273896311, 0.0), (0.762376533618, 0.0677434391043, 0.0), (0.779423271543, 0.0860307165985, 0.0), (0.796058022157, 0.104692978839, 0.0), (0.812822091011, 0.123239274282, 0.0), (0.829827248735, 0.141564698749, 0.0), (0.846585595542, 0.160116334768, 0.0), (0.863459909148, 0.178562303671, 0.0), (0.880476129494, 0.196877428455, 0.0), (0.897347772812, 0.215326067646, 0.0), (0.914324320306, 0.233678194995, 0.0), (0.931243647341, 0.252082965167, 0.0), (0.948251093883, 0.270406100816, 0.0), (0.965327967917, 0.28866514955, 0.0), (0.982361735871, 0.306963871136, 0.0), (0.999455394573, 0.325206516671, 0.0), (1.0165940667, 0.343407963476, 0.0), (1.03369764362, 0.361641453738, 0.0), (1.0508431822, 0.379836034087, 0.0), (1.06787351693, 0.398137425961, 0.0), (1.08501142612, 0.416338872766, 0.0), (1.10218137877, 0.434510564931, 0.0), (1.11925596398, 0.452770758074, 0.0), (1.13641523548, 0.470952368452, 0.0), (1.15360044692, 0.489109564768, 0.0), (1.17070783853, 0.507339240333, 0.0), (1.18788618351, 0.525502540164, 0.0), (1.20508398345, 0.543647529448, 0.0), (1.22221807795, 0.56185279095, 0.0), (1.23941091878, 0.580001594931, 0.0), (1.25651296981, 0.598237374011, 0.0), (1.27369779978, 0.616394570327, 0.0), (1.29089941442, 0.634535744913, 0.0), (1.30802244629, 0.652750924628, 0.0), (1.32521605006, 0.67089972861, 0.0), (1.3424226238, 0.68903632556, 0.0), (1.3595616774, 0.707237009425, 0.0), (1.37676100322, 0.72537970989, 0.0), (1.39396986578, 0.743514780961, 0.0), (1.41112112642, 0.761703257795, 0.0), (1.42832350399, 0.779843669442, 0.0), (1.44553274802, 0.797977977574, 0.0), (1.46269316393, 0.816158062073, 0.0), (1.47989630444, 0.834297710781, 0.0), (1.49702620277, 0.85250678698, 0.0), (1.51419195925, 0.870682293842, 0.0), (1.53139242948, 0.888824231369, 0.0), (1.54852957573, 0.907026441113, 0.0), (1.56569876544, 0.925198133278, 0.0), (1.58289542097, 0.943344648441, 0.0), (1.60003790779, 0.961541517608, 0.0), (1.61720862338, 0.979711683895, 0.0), (1.63440070128, 0.997862013755, 0.0), (1.6515470028, 1.01605583116, 0.0), (1.66871771839, 1.03422599745, 0.0), (1.6858327394, 1.05244880656, 0.0), (1.70297980386, 1.07064186103, 0.0), (1.72014823063, 1.08881431614, 0.0), (1.73726706633, 1.10703407349, 0.0), (1.7544141308, 1.12522712796, 0.0), (1.77158026875, 1.14340187188, 0.0), (1.78869300094, 1.16162620687, 0.0), (1.80583777658, 1.1798223131, 0.0), (1.82300009984, 1.19800010878, 0.0), (1.87300010058, 1.24800010952, 0.0), (1.92, 1.298, 0.0)]",
3.673382445408134,71.82,0.013333333333333334,"(-3.3000231106820146, 0.42533130760901255)","(1.673000000000001, -0.8520000000000003)",195.0,9711.771733333331,704.9905410751156,17.190699054045837,"(-2.0269999999999997, 0.09799999999999986)",,1417.9859619140625,"(-1.563585119661961, -0.1250739410835497)","[0.002962862642279962, -0.000999981129246541, -0.000999981129246541, 0.006519117871445875, 0.011645903655101392]",3.3172133986147228,"[0.30981165911843256, -0.012120679225725128, -0.012120679225725128, 0.273804198989995, 0.07018438732852261]",,,,"[(-3.3269999769, 0.398000096858, 0.0), (-3.28501074517, 0.396989202067, 0.0), (-3.26001522706, 0.396518468418, 0.0), (-3.23502285609, 0.395895146875, 0.0), (-3.21003468128, 0.395125340955, 0.0), (-3.18505337292, 0.394160985472, 0.0), (-3.16162521858, 0.402885961188, 0.0), (-3.13820621951, 0.411635350967, 0.0), (-3.11470692107, 0.420166540059, 0.0), (-3.09124023828, 0.428786993068, 0.0), (-3.0677363622, 0.437305975129, 0.0), (-3.04428036057, 0.445956182777, 0.0), (-3.02091781902, 0.454854345752, 0.0), (-2.99764435066, 0.463983679384, 0.0), (-2.97396919467, 0.472014380187, 0.0), (-2.95053837004, 0.480732489448, 0.0), (-2.92731449274, 0.489986945152, 0.0), (-2.90391132466, 0.498778296601, 0.0), (-2.88076145249, 0.508216620717, 0.0), (-2.85932972, 0.521088935362, 0.0), (-2.83689720166, 0.532124091776, 0.0), (-2.81293632483, 0.53925681283, 0.0), (-2.78859207093, 0.544945289477, 0.0), (-2.76386215113, 0.548609687725, 0.0), (-2.73920280323, 0.552722694378, 0.0), (-2.71492378065, 0.558683540414, 0.0), (-2.69056464943, 0.564307167207, 0.0), (-2.66635581728, 0.570547249087, 0.0), (-2.64202014644, 0.576272346828, 0.0), (-2.61787177725, 0.582742073487, 0.0), (-2.59353515274, 0.588463356532, 0.0), (-2.56919089884, 0.594151833179, 0.0), (-2.54631988104, 0.604246285234, 0.0), (-2.52326423189, 0.613912728249, 0.0), (-2.49988566862, 0.622769692492, 0.0), (-2.47630530785, 0.631074288563, 0.0), (-2.45254603779, 0.638852456404, 0.0), (-2.42864638686, 0.646187356415, 0.0), (-2.40455027901, 0.652849343819, 0.0), (-2.3803454523, 0.659104684489, 0.0), (-2.3560635687, 0.665053323493, 0.0), (-2.33170958732, 0.67069983847, 0.0), (-2.30729266343, 0.676067117603, 0.0), (-2.28283702036, 0.68125663184, 0.0), (-2.25831767186, 0.686134866776, 0.0), (-2.23380328245, 0.691039041654, 0.0), (-2.21029501947, 0.699545053743, 0.0), (-2.1868426418, 0.708204416665, 0.0), (-2.16394453965, 0.718238596503, 0.0), (-2.14090491223, 0.727942423551, 0.0), (-2.11786833657, 0.737654642934, 0.0), (-2.09477473119, 0.747229533214, 0.0), (-2.07230120485, 0.758181529227, 0.0), (-2.04958449156, 0.76861930404, 0.0), (-2.02631521936, 0.777760081764, 0.0), (-2.00299025258, 0.78675666393, 0.0), (-1.9795815532, 0.795533519529, 0.0), (-1.95619288098, 0.804363780891, 0.0), (-1.93259096717, 0.812606578866, 0.0), (-1.90863848268, 0.819767528679, 0.0), (-1.88456144833, 0.826497417696, 0.0), (-1.8602553414, 0.83234687457, 0.0), (-1.83585253189, 0.837778240618, 0.0), (-1.8113059083, 0.842518383511, 0.0), (-1.78665953037, 0.84670768411, 0.0), (-1.76188459714, 0.850054699541, 0.0), (-1.73703108114, 0.852758557003, 0.0), (-1.71209631209, 0.854561382958, 0.0), (-1.68712072578, 0.855668408121, 0.0), (-1.66212186982, 0.855888897626, 0.0), (-1.63712759149, 0.855347973546, 0.0), (-1.61221113299, 0.853305584599, 0.0), (-1.58735113201, 0.850662762294, 0.0), (-1.56270780584, 0.846455914087, 0.0), (-1.53811712249, 0.84194999361, 0.0), (-1.51376218743, 0.83630729333, 0.0), (-1.48950719745, 0.830249553982, 0.0), (-1.46562909956, 0.822845226479, 0.0), (-1.44201497872, 0.814636760781, 0.0), (-1.41907186315, 0.804706340711, 0.0), (-1.3964358307, 0.794094615699, 0.0), (-1.37386464812, 0.783345561584, 0.0), (-1.35130033198, 0.772582011619, 0.0), (-1.32873029381, 0.761830668685, 0.0), (-1.30617398854, 0.751050334052, 0.0), (-1.28343381486, 0.740663676182, 0.0), (-1.26040486859, 0.730934672131, 0.0), (-1.23712148202, 0.721829752562, 0.0), (-1.21351575352, 0.71359763574, 0.0), (-1.18969182433, 0.706019358039, 0.0), (-1.16563672448, 0.699212412137, 0.0), (-1.14140271533, 0.693070749448, 0.0), (-1.11699742627, 0.687650827492, 0.0), (-1.09244946753, 0.682916788115, 0.0), (-1.06780423401, 0.67872062106, 0.0), (-1.04303616723, 0.675324777504, 0.0), (-1.01814068957, 0.673040536747, 0.0), (-0.99319180614, 0.671439126811, 0.0), (-0.968199816632, 0.670808938813, 0.0), (-0.94319981626, 0.670723489593, 0.0), (-0.918218126434, 0.671675638045, 0.0), (-0.89324902511, 0.672914651735, 0.0), (-0.868344392171, 0.675098184483, 0.0), (-0.843437851883, 0.677258066107, 0.0), (-0.818553818309, 0.679664377178, 0.0), (-0.793664444158, 0.682014230728, 0.0), (-0.768809402284, 0.684701303522, 0.0), (-0.743939101621, 0.687244943697, 0.0), (-0.71907948211, 0.689891580699, 0.0), (-0.69420307793, 0.692371133959, 0.0), (-0.670599638247, 0.700610117236, 0.0), (-0.646821866897, 0.708331827556, 0.0), (-0.623049054653, 0.716068033726, 0.0), (-0.599108395727, 0.723268656392, 0.0), (-0.575060162337, 0.730101542236, 0.0), (-0.550902828603, 0.736536936619, 0.0), (-0.526702770259, 0.742810587835, 0.0), (-0.502393611571, 0.748647074739, 0.0), (-0.477984507814, 0.754050212026, 0.0), (-0.453483088381, 0.75901771088, 0.0), (-0.428898127077, 0.763554148936, 0.0), (-0.404217416871, 0.76753669294, 0.0), (-0.379473382689, 0.771106486695, 0.0), (-0.35468166479, 0.774325328295, 0.0), (-0.329831582022, 0.777058177457, 0.0), (-0.304938011705, 0.779366069337, 0.0), (-0.279995994732, 0.781066661404, 0.0), (-0.255011634618, 0.781949382364, 0.0), (-0.230013923064, 0.782283549849, 0.0), (-0.20501544857, 0.781989818156, 0.0), (-0.180030706987, 0.781116252469, 0.0), (-0.155084112377, 0.779485850833, 0.0), (-0.130180623847, 0.777290873994, 0.0), (-0.105342366641, 0.774452739186, 0.0), (-0.0805907030641, 0.770936351194, 0.0), (-0.0560057417602, 0.766399913138, 0.0), (-0.0315577280903, 0.761175303685, 0.0), (-0.0073382147899, 0.754978709355, 0.0), (0.0167092556612, 0.748142771753, 0.0), (0.0406251190547, 0.740859751625, 0.0), (0.0643048526839, 0.732843546671, 0.0), (0.0873509650879, 0.723154978412, 0.0), (0.110007596895, 0.71258674095, 0.0), (0.132141996639, 0.700964884087, 0.0), (0.154096342669, 0.68900657092, 0.0), (0.17593586631, 0.676839212341, 0.0), (0.197455336846, 0.664114907952, 0.0), (0.218721892949, 0.650972512737, 0.0), (0.240060928301, 0.637946847259, 0.0), (0.26130459622, 0.62476706801, 0.0), (0.282306793799, 0.611205819029, 0.0), (0.303131989421, 0.597374489477, 0.0), (0.323415116555, 0.582759621095, 0.0), (0.343651322911, 0.568079902859, 0.0), (0.363749818694, 0.553212501514, 0.0), (0.383267717544, 0.537590553039, 0.0), (0.402743273254, 0.521915198802, 0.0), (0.422105913924, 0.506100989582, 0.0), (0.440992098898, 0.489720679279, 0.0), (0.459824496639, 0.47327857088, 0.0), (0.478299075772, 0.456435919262, 0.0), (0.496732456173, 0.439547491275, 0.0), (0.5151025126, 0.422590398738, 0.0), (0.532653172041, 0.404786443394, 0.0), (0.550161106872, 0.38694128932, 0.0), (0.567586644241, 0.369014500723, 0.0), (0.58430035909, 0.350423191852, 0.0), (0.600482305132, 0.331366489908, 0.0), (0.616325887521, 0.312028263301, 0.0), (0.633066686721, 0.293460605554, 0.0), (0.648928961127, 0.274137637736, 0.0), (0.664362082084, 0.254469821281, 0.0), (0.682114920484, 0.236867663426, 0.0), (0.699256262902, 0.21866926838, 0.0), (0.716243873019, 0.200327440714, 0.0), (0.734927879034, 0.183717104163, 0.0), (0.75328382108, 0.166744752835, 0.0), (0.771733223211, 0.149873872457, 0.0), (0.791481529779, 0.134544129797, 0.0), (0.811189400557, 0.119162507253, 0.0), (0.832444894037, 0.106001801491, 0.0), (0.853627526799, 0.0927239845205, 0.0), (0.876040780917, 0.0816491552539, 0.0), (0.897982156977, 0.0696668094943, 0.0), (0.919607676098, 0.057124084698, 0.0), (0.941480769075, 0.045016998336, 0.0), (0.96297239232, 0.0322457731701, 0.0), (0.984071483211, 0.0188355862027, 0.0), (1.00478719702, 0.00484060613573, 0.0), (1.0254945185, -0.00916658096264, 0.0), (1.04605192237, -0.0233931131571, 0.0), (1.06639608466, -0.0379229137886, 0.0), (1.08646597021, -0.0528292250459, 0.0), (1.10646070623, -0.0678366257822, 0.0), (1.12621549778, -0.0831575946384, 0.0), (1.14578527651, -0.0987150747287, 0.0), (1.16517462006, -0.114496477552, 0.0), (1.18420538207, -0.130708559702, 0.0), (1.20304655361, -0.147140368419, 0.0), (1.22164663629, -0.163844927994, 0.0), (1.23997129782, -0.180850848658, 0.0), (1.25797209154, -0.198199329141, 0.0), (1.27571501173, -0.215811786679, 0.0), (1.29314512673, -0.233733616169, 0.0), (1.3102216193, -0.251992664903, 0.0), (1.32698072904, -0.270543537982, 0.0), (1.34334387321, -0.289444218806, 0.0), (1.35930075211, -0.308689366798, 0.0), (1.37484945839, -0.328266011987, 0.0), (1.38996100037, -0.348181783768, 0.0), (1.40466742148, -0.368398535168, 0.0), (1.41894392621, -0.388921225293, 0.0), (1.43277563724, -0.409746420916, 0.0), (1.44618429832, -0.430846274746, 0.0), (1.4591355772, -0.452230323527, 0.0), (1.4716744873, -0.473858131466, 0.0), (1.48375181903, -0.495747627642, 0.0), (1.49540991551, -0.517862953899, 0.0), (1.50663656973, -0.540200295541, 0.0), (1.51742682258, -0.562752023172, 0.0), (1.52775168235, -0.585520044141, 0.0), (1.53764166663, -0.608480707325, 0.0), (1.54710974538, -0.631618372464, 0.0), (1.5561460004, -0.654928080453, 0.0), (1.56478094926, -0.678389613396, 0.0), (1.57300009611, -0.701999919534, 0.0), (1.62300009686, -0.751999920279, 0.0), (1.673, -0.70199999404, 0.0), (1.673, -0.852, 0.0)]",229.0
